Table 130-06801 : Domestic households by District Council district and household size,,,,,,,,,,,,,,,,,
 ,,,,,,,,,,,,,,,,,
 , ,Domestic households (1),Domestic households (1),Domestic households (1),Domestic households (1),Domestic households (1),Domestic households (1),Domestic households (1),Domestic households (1),Domestic households (1),Domestic households (1),Domestic households (1),Domestic households (1),Domestic households (1),Domestic households (1),Domestic households (1),Domestic households (1)
,,No. ('000),No. ('000),No. ('000),No. ('000),No. ('000),No. ('000),No. ('000),No. ('000),Percentage share in respective district (%),Percentage share in respective district (%),Percentage share in respective district (%),Percentage share in respective district (%),Percentage share in respective district (%),Percentage share in respective district (%),Percentage share in respective district (%),Percentage share in respective district (%)
Household size (2),Household size (2),1,2,3,4,5 and over,5 and over,5 and over,Overall,1,2,3,4,5 and over,5 and over,5 and over,Overall
Household size (2),Household size (2),,,,,5,6 and over,Sub-total,,,,,,5,6 and over,Sub-total,
Year,District Council district (DCD),,,,,,,,,,,,,,,,
2001,Central and Western,19.9,20.9,17.2,17.2,8.0,5.0,13.0,88.2,22.6,23.7,19.5,19.5,9.0,5.7,14.7,100.0
2001,Wan Chai (3),13.8,15.1,11.0,8.8,5.2,3.4,8.6,57.4,24.1,26.3,19.2,15.4,9.0,6.0,15.0,100.0
2001,Eastern (3),24.0,41.2,42.4,46.3,22.7,10.6,33.3,187.3,12.8,22.0,22.7,24.7,12.1,5.7,17.8,100.0
2001,Southern,8.3,16.1,18.0,22.1,11.4,5.5,16.8,81.4,10.2,19.8,22.1,27.2,13.9,6.8,20.7,100.0
2001,Yau Tsim Mong,22.8,25.9,19.5,18.6,7.8,4.8,12.6,99.3,23.0,26.1,19.6,18.7,7.9,4.8,12.7,100.0
2001,Sham Shui Po,21.0,26.9,24.3,24.8,10.9,6.3,17.2,114.3,18.4,23.6,21.3,21.7,9.5,5.5,15.0,100.0
2001,Kowloon City,16.9,25.8,25.5,26.5,14.9,7.0,21.9,116.5,14.5,22.2,21.9,22.8,12.8,6.0,18.8,100.0
2001,Wong Tai Sin,16.1,25.3,28.9,35.6,17.2,8.9,26.1,132.0,12.2,19.2,21.9,27.0,13.0,6.8,19.8,100.0
2001,Kwun Tong,26.3,39.6,39.1,41.6,20.8,9.5,30.4,177.0,14.9,22.4,22.1,23.5,11.8,5.4,17.2,100.0
2001,Kwai Tsing,15.1,27.0,32.2,39.1,18.5,8.5,27.1,140.5,10.8,19.2,22.9,27.8,13.2,6.1,19.3,100.0
2001,Tsuen Wan,10.7,19.2,17.9,20.9,10.0,4.8,14.8,83.5,12.8,23.0,21.4,25.0,12.0,5.7,17.8,100.0
2001,Tuen Mun,15.4,30.9,35.0,43.0,18.0,5.6,23.7,148.0,10.4,20.9,23.7,29.1,12.2,3.8,16.0,100.0
2001,Yuen Long,19.2,30.6,29.7,34.0,17.6,9.3,26.9,140.4,13.7,21.8,21.2,24.2,12.5,6.6,19.1,100.0
2001,North,10.6,18.2,19.2,24.1,11.7,5.1,16.7,88.8,11.9,20.4,21.6,27.1,13.1,5.7,18.8,100.0
2001,Tai Po,8.8,16.3,18.2,26.9,12.6,5.4,18.0,88.2,9.9,18.4,20.7,30.5,14.3,6.1,20.4,100.0
2001,Sha Tin,18.2,35.7,40.5,50.8,26.1,10.4,36.6,181.7,10.0,19.6,22.3,28.0,14.4,5.7,20.1,100.0
2001,Sai Kung,10.6,19.7,21.0,26.9,13.6,5.6,19.2,97.4,10.9,20.3,21.5,27.6,13.9,5.8,19.7,100.0
2001,Islands,8.8,8.1,5.5,5.8,2.8,1.6,4.4,32.6,26.9,24.9,16.8,17.8,8.7,4.8,13.5,100.0
2001,Whole Territory,286.4,442.6,445.2,513.2,249.9,117.4,367.2,2054.5,13.9,21.5,21.7,25.0,12.2,5.7,17.9,100.0
2002,Central and Western,19.3,20.7,16.1,14.6,8.1,4.9,13.0,83.6,23.1,24.8,19.2,17.4,9.7,5.8,15.5,100.0
2002,Wan Chai (3),13.2,14.5,10.1,9.2,4.7,3.1,7.8,54.9,24.1,26.5,18.4,16.8,8.6,5.6,14.2,100.0
2002,Eastern (3),24.6,43.1,40.6,46.2,23.5,10.1,33.5,188.0,13.1,22.9,21.6,24.6,12.5,5.4,17.8,100.0
2002,Southern,9.5,15.8,17.7,22.3,10.6,5.5,16.1,81.4,11.7,19.4,21.7,27.4,13.0,6.7,19.7,100.0
2002,Yau Tsim Mong,21.9,26.8,20.0,16.3,8.2,4.7,12.9,97.8,22.4,27.4,20.4,16.6,8.4,4.8,13.2,100.0
2002,Sham Shui Po,21.2,26.2,26.6,25.4,10.8,5.5,16.3,115.8,18.3,22.6,22.9,22.0,9.4,4.8,14.1,100.0
2002,Kowloon City,15.8,26.0,24.4,26.0,13.3,6.5,19.8,112.0,14.1,23.2,21.8,23.2,11.9,5.8,17.7,100.0
2002,Wong Tai Sin,18.2,26.7,30.1,35.7,16.3,7.8,24.1,134.8,13.5,19.8,22.3,26.5,12.1,5.8,17.9,100.0
2002,Kwun Tong,26.5,38.7,42.0,43.3,20.3,8.3,28.6,179.2,14.8,21.6,23.4,24.2,11.3,4.6,16.0,100.0
2002,Kwai Tsing,16.1,29.7,33.6,39.2,18.6,9.0,27.6,146.3,11.0,20.3,23.0,26.8,12.7,6.1,18.9,100.0
2002,Tsuen Wan,10.7,19.7,18.4,20.6,10.3,3.7,14.0,83.5,12.8,23.6,22.0,24.7,12.4,4.4,16.8,100.0
2002,Tuen Mun,17.8,33.9,35.7,43.0,18.1,5.6,23.7,154.2,11.6,22.0,23.2,27.9,11.7,3.7,15.4,100.0
2002,Yuen Long,19.1,32.0,33.5,40.8,18.6,8.0,26.6,152.1,12.6,21.0,22.0,26.8,12.2,5.3,17.5,100.0
2002,North,10.9,17.8,18.3,23.9,10.4,5.1,15.4,86.3,12.7,20.6,21.2,27.7,12.0,5.9,17.9,100.0
2002,Tai Po,8.7,18.1,18.2,26.2,12.5,4.7,17.2,88.5,9.9,20.5,20.6,29.7,14.1,5.3,19.4,100.0
2002,Sha Tin,18.3,36.8,43.4,52.7,25.4,8.1,33.5,184.6,9.9,19.9,23.5,28.5,13.8,4.4,18.1,100.0
2002,Sai Kung,10.2,23.4,24.1,27.9,15.0,4.8,19.8,105.5,9.7,22.2,22.9,26.4,14.2,4.5,18.8,100.0
2002,Islands,6.9,8.4,5.7,5.8,3.5,1.7,5.3,32.1,21.6,26.3,17.6,18.1,11.0,5.4,16.4,100.0
2002,Whole Territory,289.3,458.5,458.3,519.2,248.3,106.9,355.2,2080.5,13.9,22.0,22.0,25.0,11.9,5.1,17.1,100.0
2003,Central and Western,19.9,21.4,15.8,13.7,7.8,3.9,11.8,82.5,24.1,25.9,19.1,16.7,9.5,4.7,14.2,100.0
2003,Wan Chai (3),14.5,14.5,10.7,8.1,4.9,2.3,7.1,54.9,26.5,26.3,19.4,14.8,8.9,4.1,13.0,100.0
2003,Eastern (3),26.4,43.3,44.5,44.1,21.0,8.6,29.6,187.9,14.1,23.1,23.7,23.5,11.2,4.6,15.8,100.0
2003,Southern,9.5,17.8,19.4,19.7,10.7,5.0,15.8,82.0,11.6,21.7,23.6,24.0,13.1,6.1,19.2,100.0
2003,Yau Tsim Mong,22.5,26.5,19.5,15.9,8.5,4.0,12.5,96.8,23.2,27.4,20.1,16.4,8.7,4.1,12.9,100.0
2003,Sham Shui Po,22.9,25.5,24.6,26.3,10.7,4.8,15.5,114.8,19.9,22.2,21.4,22.9,9.3,4.2,13.5,100.0
2003,Kowloon City,19.1,26.8,24.2,24.9,12.5,6.2,18.6,113.6,16.8,23.6,21.3,21.9,11.0,5.4,16.4,100.0
2003,Wong Tai Sin,17.9,28.1,33.9,33.9,14.4,7.6,22.1,135.9,13.2,20.7,25.0,25.0,10.6,5.6,16.2,100.0
2003,Kwun Tong,27.1,41.9,42.2,45.2,18.6,8.0,26.7,183.1,14.8,22.9,23.1,24.7,10.2,4.4,14.6,100.0
2003,Kwai Tsing,16.5,30.8,36.4,40.1,18.1,8.0,26.1,149.9,11.0,20.6,24.3,26.7,12.1,5.3,17.4,100.0
2003,Tsuen Wan,11.6,23.0,19.2,20.6,9.1,3.8,12.8,87.2,13.3,26.3,22.1,23.6,10.4,4.3,14.7,100.0
2003,Tuen Mun,20.1,35.1,38.6,42.6,16.0,6.0,22.1,158.4,12.7,22.1,24.3,26.9,10.1,3.8,13.9,100.0
2003,Yuen Long,20.4,35.3,34.6,42.5,18.7,7.7,26.4,159.2,12.8,22.2,21.7,26.7,11.7,4.8,16.6,100.0
2003,North,10.6,19.2,17.8,25.1,11.0,4.1,15.1,87.8,12.0,21.9,20.2,28.6,12.6,4.7,17.3,100.0
2003,Tai Po,9.6,18.2,19.7,24.0,11.3,5.0,16.3,87.9,10.9,20.7,22.5,27.3,12.9,5.7,18.6,100.0
2003,Sha Tin,19.8,38.8,43.7,50.5,23.2,8.8,32.0,184.9,10.7,21.0,23.7,27.3,12.6,4.7,17.3,100.0
2003,Sai Kung,12.4,26.6,25.5,26.6,13.8,6.4,20.1,111.1,11.1,23.9,22.9,23.9,12.4,5.7,18.1,100.0
2003,Islands,7.9,8.9,6.0,7.9,3.9,1.3,5.2,35.9,21.9,24.8,16.8,21.9,10.8,3.7,14.6,100.0
2003,Whole Territory,308.6,481.8,476.2,511.7,234.1,101.6,335.7,2114.0,14.6,22.8,22.5,24.2,11.1,4.8,15.9,100.0
2004,Central and Western,20.8,21.8,16.8,14.8,7.1,3.6,10.7,84.9,24.5,25.7,19.7,17.5,8.4,4.2,12.6,100.0
2004,Wan Chai (3),14.6,15.1,10.3,7.9,5.8,1.8,7.6,55.4,26.3,27.3,18.5,14.2,10.4,3.3,13.8,100.0
2004,Eastern (3),26.1,45.1,43.3,44.1,20.2,8.6,28.8,187.4,13.9,24.1,23.1,23.5,10.8,4.6,15.4,100.0
2004,Southern,8.5,17.5,20.4,20.5,9.8,4.1,13.9,80.8,10.5,21.6,25.3,25.4,12.1,5.1,17.2,100.0
2004,Yau Tsim Mong,21.8,28.2,20.1,18.0,8.7,4.0,12.7,100.8,21.6,28.0,20.0,17.8,8.6,4.0,12.6,100.0
2004,Sham Shui Po,21.2,28.1,28.0,23.6,11.3,4.6,15.9,116.9,18.1,24.1,24.0,20.2,9.7,3.9,13.6,100.0
2004,Kowloon City,16.3,28.5,25.9,24.6,11.2,6.4,17.6,112.8,14.4,25.2,22.9,21.8,9.9,5.7,15.6,100.0
2004,Wong Tai Sin,15.8,29.6,32.7,34.3,15.7,6.1,21.8,134.2,11.8,22.0,24.3,25.6,11.7,4.6,16.3,100.0
2004,Kwun Tong,27.6,43.9,44.6,43.2,18.1,6.9,25.0,184.4,15.0,23.8,24.2,23.5,9.8,3.7,13.6,100.0
2004,Kwai Tsing,18.1,30.9,37.1,39.9,18.7,7.2,25.9,151.9,11.9,20.4,24.4,26.3,12.3,4.7,17.0,100.0
2004,Tsuen Wan,11.7,23.0,20.2,20.6,9.7,3.1,12.8,88.4,13.3,26.0,22.9,23.4,10.9,3.6,14.5,100.0
2004,Tuen Mun,18.5,37.1,41.3,40.2,15.5,5.3,20.7,157.9,11.7,23.5,26.2,25.5,9.8,3.3,13.1,100.0
2004,Yuen Long,21.6,34.0,35.0,44.6,18.7,7.3,26.0,161.2,13.4,21.1,21.7,27.7,11.6,4.5,16.1,100.0
2004,North,10.0,20.1,19.4,23.1,10.1,4.4,14.5,87.1,11.5,23.1,22.3,26.5,11.6,5.1,16.7,100.0
2004,Tai Po,9.2,19.9,19.3,23.7,11.4,4.6,16.0,88.1,10.5,22.6,21.9,26.8,12.9,5.2,18.1,100.0
2004,Sha Tin,18.3,41.9,44.8,50.3,21.1,8.1,29.2,184.5,9.9,22.7,24.3,27.2,11.5,4.4,15.8,100.0
2004,Sai Kung,14.5,29.8,28.1,31.0,14.7,6.3,20.9,124.4,11.7,23.9,22.6,24.9,11.8,5.0,16.8,100.0
2004,Islands,8.6,10.0,6.1,8.4,4.4,1.9,6.3,39.4,21.8,25.5,15.6,21.2,11.2,4.7,15.9,100.0
2004,Whole Territory,303.2,504.6,493.6,512.8,232.1,94.2,326.3,2140.5,14.2,23.6,23.1,24.0,10.8,4.4,15.2,100.0
2005,Central and Western,23.2,24.7,15.9,15.4,7.7,3.3,11.0,90.2,25.7,27.4,17.6,17.1,8.5,3.7,12.2,100.0
2005,Wan Chai (3),17.3,17.1,9.9,7.6,4.8,2.0,6.8,58.7,29.5,29.1,16.8,13.0,8.2,3.3,11.5,100.0
2005,Eastern (3),29.8,46.8,43.2,43.1,19.0,8.4,27.4,190.2,15.7,24.6,22.7,22.6,10.0,4.4,14.4,100.0
2005,Southern,11.4,18.0,21.9,18.2,8.9,4.2,13.1,82.6,13.8,21.8,26.5,22.0,10.8,5.1,15.9,100.0
2005,Yau Tsim Mong,22.4,29.0,21.8,19.1,7.0,3.8,10.8,103.1,21.8,28.1,21.2,18.5,6.8,3.7,10.5,100.0
2005,Sham Shui Po,20.7,30.3,29.5,25.4,10.0,4.5,14.5,120.4,17.2,25.1,24.5,21.1,8.3,3.8,12.0,100.0
2005,Kowloon City,20.1,29.0,25.2,25.6,11.1,5.8,16.9,116.8,17.2,24.8,21.6,21.9,9.5,5.0,14.5,100.0
2005,Wong Tai Sin,18.0,29.5,32.6,32.7,14.1,6.8,20.8,133.6,13.5,22.1,24.4,24.5,10.5,5.1,15.6,100.0
2005,Kwun Tong,27.3,45.1,47.5,44.5,19.1,6.7,25.8,190.3,14.4,23.7,24.9,23.4,10.0,3.5,13.5,100.0
2005,Kwai Tsing,20.4,32.8,40.4,40.1,18.0,6.2,24.2,158.0,12.9,20.8,25.6,25.4,11.4,3.9,15.3,100.0
2005,Tsuen Wan,16.9,25.9,21.6,20.1,6.7,3.0,9.7,94.2,18.0,27.5,22.9,21.3,7.1,3.2,10.3,100.0
2005,Tuen Mun,22.8,37.6,40.3,40.9,15.2,4.5,19.7,161.3,14.1,23.3,25.0,25.3,9.4,2.8,12.2,100.0
2005,Yuen Long,25.4,36.9,37.4,42.8,18.8,7.5,26.3,168.9,15.0,21.9,22.2,25.4,11.1,4.5,15.6,100.0
2005,North,11.5,19.4,19.4,23.1,9.0,4.2,13.2,86.6,13.2,22.4,22.4,26.7,10.4,4.9,15.3,100.0
2005,Tai Po,12.2,17.9,19.5,23.3,10.8,4.9,15.8,88.6,13.7,20.2,22.0,26.3,12.2,5.6,17.8,100.0
2005,Sha Tin,20.8,43.6,42.9,46.9,21.9,7.8,29.7,184.0,11.3,23.7,23.3,25.5,11.9,4.2,16.1,100.0
2005,Sai Kung,16.7,29.3,28.5,32.9,13.2,5.5,18.7,126.1,13.2,23.2,22.6,26.1,10.5,4.4,14.8,100.0
2005,Islands,9.6,11.0,7.2,10.1,4.2,1.6,5.8,43.7,22.0,25.3,16.5,23.0,9.5,3.7,13.2,100.0
2005,Whole Territory,346.6,524.0,504.6,511.8,219.5,90.6,310.1,2197.1,15.8,23.8,23.0,23.3,10.0,4.1,14.1,100.0
2006,Central and Western,21.1,23.0,18.3,14.7,7.4,3.4,10.7,87.9,24.0,26.2,20.8,16.8,8.4,3.8,12.2,100.0
2006,Wan Chai (3),14.8,15.4,9.4,7.9,5.0,2.8,7.8,55.3,26.7,27.9,17.0,14.3,9.0,5.1,14.1,100.0
2006,Eastern (3),29.8,44.7,44.0,43.0,20.0,7.7,27.7,189.3,15.7,23.6,23.3,22.7,10.6,4.1,14.6,100.0
2006,Southern,9.4,19.3,20.9,19.1,9.6,4.3,13.9,82.5,11.4,23.3,25.4,23.1,11.6,5.2,16.8,100.0
2006,Yau Tsim Mong,24.0,28.2,20.1,16.5,7.5,4.1,11.7,100.5,23.9,28.1,20.0,16.4,7.5,4.1,11.6,100.0
2006,Sham Shui Po,27.2,31.7,28.3,25.5,9.5,4.2,13.7,126.4,21.5,25.1,22.4,20.2,7.5,3.3,10.8,100.0
2006,Kowloon City,22.7,29.9,24.9,22.9,12.4,5.5,17.9,118.3,19.2,25.3,21.0,19.3,10.5,4.7,15.1,100.0
2006,Wong Tai Sin,21.0,30.6,33.5,31.0,14.4,5.8,20.2,136.4,15.4,22.5,24.6,22.7,10.6,4.3,14.8,100.0
2006,Kwun Tong,29.8,48.4,47.8,45.5,17.3,5.2,22.5,194.1,15.4,24.9,24.6,23.5,8.9,2.7,11.6,100.0
2006,Kwai Tsing,24.1,37.5,40.3,38.5,16.7,6.8,23.5,163.9,14.7,22.9,24.6,23.5,10.2,4.2,14.3,100.0
2006,Tsuen Wan,13.2,27.3,21.5,20.8,8.9,3.0,11.8,94.7,14.0,28.8,22.7,22.0,9.4,3.1,12.5,100.0
2006,Tuen Mun,24.7,38.4,40.0,40.9,13.5,4.7,18.2,162.2,15.2,23.7,24.7,25.2,8.3,2.9,11.2,100.0
2006,Yuen Long,25.3,38.2,38.9,43.5,16.5,7.0,23.4,169.3,14.9,22.6,22.9,25.7,9.7,4.1,13.8,100.0
2006,North,11.9,19.8,20.8,22.7,7.7,4.4,12.1,87.4,13.6,22.7,23.8,26.0,8.8,5.1,13.9,100.0
2006,Tai Po,12.4,19.6,20.4,23.5,10.3,3.8,14.1,90.1,13.7,21.8,22.7,26.1,11.5,4.3,15.7,100.0
2006,Sha Tin,24.7,44.6,46.7,49.6,19.3,6.1,25.4,190.9,12.9,23.3,24.4,26.0,10.1,3.2,13.3,100.0
2006,Sai Kung,17.3,29.9,29.4,32.3,12.6,5.3,17.9,126.9,13.6,23.6,23.2,25.5,9.9,4.2,14.1,100.0
2006,Islands,10.2,9.7,9.3,9.2,4.4,2.0,6.4,44.7,22.7,21.7,20.8,20.5,9.8,4.4,14.2,100.0
2006,Whole Territory,363.6,536.4,514.6,507.3,212.8,86.2,299.0,2220.9,16.4,24.2,23.2,22.8,9.6,3.9,13.5,100.0
2007,Central and Western,20.4,22.1,17.3,17.3,7.5,3.3,10.8,87.9,23.2,25.1,19.6,19.7,8.6,3.7,12.3,100.0
2007,Wan Chai (3),14.6,15.7,9.6,9.6,4.1,2.7,6.8,56.3,25.9,27.9,17.1,17.0,7.3,4.8,12.0,100.0
2007,Eastern (3),28.1,49.8,44.7,41.9,18.5,8.6,27.2,191.7,14.6,26.0,23.3,21.9,9.7,4.5,14.2,100.0
2007,Southern,10.3,19.1,20.5,19.6,10.8,4.1,14.8,84.2,12.2,22.7,24.3,23.2,12.8,4.8,17.6,100.0
2007,Yau Tsim Mong,22.5,30.7,19.6,16.7,8.2,4.0,12.2,101.8,22.1,30.2,19.3,16.4,8.1,4.0,12.0,100.0
2007,Sham Shui Po,26.0,33.2,27.4,25.3,10.3,4.5,14.8,126.7,20.5,26.2,21.6,20.0,8.2,3.5,11.7,100.0
2007,Kowloon City,20.9,28.2,25.3,25.5,12.4,4.9,17.2,117.1,17.9,24.1,21.6,21.7,10.6,4.2,14.7,100.0
2007,Wong Tai Sin,21.8,31.7,33.5,32.2,13.8,4.9,18.7,138.0,15.8,23.0,24.3,23.4,10.0,3.6,13.5,100.0
2007,Kwun Tong,31.2,50.4,46.8,44.2,16.7,5.9,22.6,195.2,16.0,25.8,24.0,22.6,8.6,3.0,11.6,100.0
2007,Kwai Tsing,25.2,39.2,40.5,41.1,14.6,6.0,20.6,166.6,15.1,23.5,24.3,24.7,8.7,3.6,12.4,100.0
2007,Tsuen Wan,15.6,25.7,22.8,21.9,8.6,3.2,11.8,97.8,16.0,26.3,23.3,22.4,8.8,3.3,12.1,100.0
2007,Tuen Mun,25.4,40.8,42.9,39.1,12.9,3.9,16.9,165.0,15.4,24.7,26.0,23.7,7.8,2.4,10.2,100.0
2007,Yuen Long,27.2,37.0,38.7,44.2,17.9,6.2,24.1,171.2,15.9,21.6,22.6,25.8,10.5,3.6,14.1,100.0
2007,North,11.9,21.1,21.9,23.4,10.2,2.9,13.1,91.5,13.0,23.1,24.0,25.6,11.2,3.1,14.3,100.0
2007,Tai Po,11.9,20.0,20.9,24.1,10.2,3.7,13.9,90.8,13.1,22.0,23.0,26.6,11.2,4.1,15.3,100.0
2007,Sha Tin,22.1,47.6,48.8,48.6,18.3,6.7,24.9,192.0,11.5,24.8,25.4,25.3,9.5,3.5,13.0,100.0
2007,Sai Kung,16.1,32.4,28.7,31.8,14.9,4.8,19.7,128.6,12.5,25.2,22.3,24.7,11.6,3.7,15.3,100.0
2007,Islands,10.0,11.6,10.1,9.8,4.3,1.5,5.8,47.4,21.1,24.5,21.2,20.8,9.1,3.2,12.3,100.0
2007,Whole Territory,361.1,556.2,520.0,516.5,214.1,81.9,296.0,2249.9,16.1,24.7,23.1,23.0,9.5,3.6,13.2,100.0
2008,Central and Western,20.9,24.9,16.5,16.0,8.7,3.9,12.5,90.8,23.0,27.4,18.2,17.6,9.5,4.3,13.8,100.0
2008,Wan Chai (3),15.0,16.2,10.4,9.0,4.8,2.7,7.5,58.1,25.8,27.9,17.9,15.5,8.3,4.6,12.9,100.0
2008,Eastern (3),28.3,48.2,50.1,41.2,18.4,7.7,26.1,193.9,14.6,24.9,25.8,21.3,9.5,4.0,13.5,100.0
2008,Southern,10.7,21.6,19.6,19.2,9.6,4.4,13.9,85.0,12.5,25.4,23.1,22.6,11.2,5.2,16.4,100.0
2008,Yau Tsim Mong,23.4,29.5,21.2,19.4,7.6,3.9,11.5,104.9,22.3,28.1,20.2,18.5,7.2,3.7,11.0,100.0
2008,Sham Shui Po,25.9,32.5,28.3,25.4,9.2,4.7,13.9,126.1,20.6,25.8,22.5,20.2,7.3,3.7,11.0,100.0
2008,Kowloon City,18.3,29.7,27.9,24.1,11.9,4.5,16.4,116.4,15.7,25.5,24.0,20.7,10.2,3.8,14.1,100.0
2008,Wong Tai Sin,21.3,32.2,36.3,32.9,11.6,4.5,16.2,138.9,15.3,23.2,26.1,23.7,8.4,3.3,11.7,100.0
2008,Kwun Tong,31.9,50.4,48.7,42.5,15.7,6.6,22.2,195.8,16.3,25.8,24.9,21.7,8.0,3.4,11.4,100.0
2008,Kwai Tsing,24.7,41.1,44.6,35.9,16.7,5.4,22.1,168.5,14.7,24.4,26.5,21.3,9.9,3.2,13.1,100.0
2008,Tsuen Wan,14.7,26.3,23.3,22.6,8.4,2.9,11.3,98.3,15.0,26.8,23.7,23.0,8.5,3.0,11.5,100.0
2008,Tuen Mun,26.5,42.7,42.1,38.9,12.5,4.4,16.8,167.0,15.9,25.5,25.2,23.3,7.5,2.6,10.1,100.0
2008,Yuen Long,27.7,40.0,38.3,44.0,17.0,7.0,24.0,174.0,15.9,23.0,22.0,25.3,9.8,4.0,13.8,100.0
2008,North,12.3,22.0,23.0,23.2,10.0,3.5,13.5,94.0,13.1,23.4,24.5,24.7,10.6,3.7,14.3,100.0
2008,Tai Po,12.7,20.4,22.8,21.9,9.1,4.3,13.5,91.2,13.9,22.3,25.0,24.0,10.0,4.8,14.8,100.0
2008,Sha Tin,22.7,49.8,47.8,48.6,18.7,6.4,25.1,194.0,11.7,25.7,24.7,25.1,9.6,3.3,12.9,100.0
2008,Sai Kung,16.8,31.8,29.0,33.6,14.2,5.0,19.1,130.3,12.9,24.4,22.2,25.7,10.9,3.8,14.7,100.0
2008,Islands,10.9,13.5,10.8,10.6,4.5,1.6,6.0,51.8,21.0,26.1,20.8,20.5,8.6,3.0,11.6,100.0
2008,Whole Territory,364.7,572.9,540.7,509.0,208.5,83.3,291.8,2279.1,16.0,25.1,23.7,22.3,9.2,3.7,12.8,100.0
2009,Central and Western,22.2,23.4,16.1,15.8,8.3,4.0,12.2,89.7,24.7,26.1,18.0,17.6,9.2,4.4,13.6,100.0
2009,Wan Chai (3),16.0,15.1,10.5,8.2,5.6,2.7,8.2,58.0,27.6,26.1,18.0,14.1,9.6,4.6,14.2,100.0
2009,Eastern (3),29.6,51.1,44.7,41.8,18.3,8.2,26.5,193.7,15.3,26.4,23.1,21.6,9.4,4.3,13.7,100.0
2009,Southern,10.3,21.1,21.2,19.8,9.0,3.7,12.7,85.2,12.1,24.8,24.9,23.2,10.6,4.4,15.0,100.0
2009,Yau Tsim Mong,24.0,29.8,22.1,18.4,8.3,4.3,12.7,107.0,22.5,27.8,20.7,17.2,7.8,4.1,11.9,100.0
2009,Sham Shui Po,26.7,31.8,28.9,24.5,11.0,4.3,15.3,127.2,21.0,25.0,22.7,19.3,8.6,3.4,12.0,100.0
2009,Kowloon City,18.8,33.3,26.2,23.9,11.8,5.3,17.1,119.3,15.8,27.9,21.9,20.0,9.9,4.4,14.3,100.0
2009,Wong Tai Sin,21.6,32.9,35.3,32.3,11.9,4.4,16.3,138.4,15.6,23.8,25.5,23.3,8.6,3.2,11.8,100.0
2009,Kwun Tong,33.3,52.8,51.9,43.4,15.0,6.4,21.4,202.9,16.4,26.0,25.6,21.4,7.4,3.1,10.5,100.0
2009,Kwai Tsing,25.6,41.5,41.8,40.5,13.6,5.7,19.3,168.7,15.2,24.6,24.8,24.0,8.1,3.4,11.4,100.0
2009,Tsuen Wan,15.5,25.6,24.9,21.1,8.1,3.3,11.3,98.4,15.8,26.0,25.3,21.4,8.2,3.3,11.5,100.0
2009,Tuen Mun,24.8,44.7,41.9,38.8,12.6,3.3,15.9,166.1,14.9,26.9,25.2,23.4,7.6,2.0,9.6,100.0
2009,Yuen Long,26.1,43.2,43.0,42.3,15.6,7.3,22.8,177.5,14.7,24.4,24.2,23.8,8.8,4.1,12.9,100.0
2009,North,13.0,22.6,23.8,23.9,8.4,4.3,12.7,95.9,13.5,23.5,24.8,24.9,8.8,4.5,13.3,100.0
2009,Tai Po,11.0,23.0,22.3,23.5,8.6,3.6,12.2,91.9,11.9,25.0,24.3,25.5,9.3,3.9,13.3,100.0
2009,Sha Tin,23.1,49.2,50.6,47.1,17.8,6.8,24.5,194.5,11.9,25.3,26.0,24.2,9.1,3.5,12.6,100.0
2009,Sai Kung,15.2,33.5,32.0,31.4,14.2,5.0,19.2,131.3,11.6,25.5,24.4,23.9,10.8,3.8,14.6,100.0
2009,Islands,11.0,14.2,9.3,11.1,4.4,1.6,6.0,51.5,21.4,27.5,18.0,21.5,8.5,3.1,11.6,100.0
2009,Whole Territory,367.7,588.9,546.5,507.6,202.3,84.2,286.5,2297.2,16.0,25.6,23.8,22.1,8.8,3.7,12.5,100.0
2010,Central and Western,20.6,24.6,18.8,14.2,7.6,4.2,11.8,90.1,22.9,27.3,20.9,15.8,8.4,4.6,13.1,100.0
2010,Wan Chai (3),16.8,14.8,9.6,9.4,4.9,2.8,7.7,58.4,28.8,25.4,16.5,16.2,8.3,4.8,13.2,100.0
2010,Eastern (3),29.2,50.1,47.2,42.2,17.9,7.2,25.1,193.8,15.1,25.8,24.4,21.8,9.2,3.7,12.9,100.0
2010,Southern,11.9,20.8,20.9,18.7,9.8,3.9,13.7,86.0,13.9,24.2,24.3,21.7,11.4,4.5,16.0,100.0
2010,Yau Tsim Mong,23.5,30.6,23.0,19.6,8.5,3.5,12.0,108.7,21.7,28.2,21.2,18.0,7.8,3.2,11.0,100.0
2010,Sham Shui Po,26.1,32.6,28.8,24.5,10.8,4.3,15.1,127.1,20.6,25.6,22.7,19.3,8.5,3.4,11.9,100.0
2010,Kowloon City,20.2,32.2,27.3,23.7,11.6,5.3,16.9,120.3,16.8,26.7,22.7,19.7,9.7,4.4,14.1,100.0
2010,Wong Tai Sin,21.2,35.0,34.8,33.1,11.4,4.0,15.4,139.5,15.2,25.1,24.9,23.7,8.2,2.9,11.0,100.0
2010,Kwun Tong,35.3,57.5,51.9,42.3,16.9,6.4,23.2,210.2,16.8,27.4,24.7,20.1,8.0,3.0,11.1,100.0
2010,Kwai Tsing,26.8,39.9,43.8,39.2,14.9,4.7,19.5,169.3,15.8,23.6,25.9,23.2,8.8,2.8,11.5,100.0
2010,Tsuen Wan,14.2,28.3,24.3,20.3,8.1,3.2,11.3,98.3,14.5,28.7,24.7,20.6,8.2,3.2,11.5,100.0
2010,Tuen Mun,25.7,44.1,43.9,37.9,11.2,4.0,15.2,166.9,15.4,26.4,26.3,22.7,6.7,2.4,9.1,100.0
2010,Yuen Long,28.1,42.8,44.2,44.5,15.8,6.4,22.2,181.9,15.4,23.6,24.3,24.5,8.7,3.5,12.2,100.0
2010,North,12.3,23.2,24.2,25.9,8.2,3.5,11.7,97.4,12.7,23.8,24.9,26.6,8.4,3.6,12.0,100.0
2010,Tai Po,11.3,24.0,22.5,22.8,9.0,3.4,12.4,93.0,12.1,25.8,24.2,24.5,9.7,3.6,13.3,100.0
2010,Sha Tin,24.8,50.3,53.0,45.7,19.3,6.2,25.4,199.2,12.5,25.2,26.6,22.9,9.7,3.1,12.8,100.0
2010,Sai Kung,16.5,31.3,32.0,33.9,13.0,5.9,18.9,132.6,12.4,23.6,24.1,25.5,9.8,4.4,14.3,100.0
2010,Islands,11.8,14.0,9.1,11.0,4.6,1.8,6.4,52.3,22.6,26.8,17.4,20.9,8.8,3.4,12.1,100.0
2010,Whole Territory,376.6,596.2,559.6,508.7,203.5,80.5,283.9,2325.1,16.2,25.6,24.1,21.9,8.8,3.5,12.2,100.0
2011,Central and Western,20.6,23.3,19.0,14.1,7.1,3.8,10.9,88.0,23.4,26.5,21.6,16.1,8.1,4.3,12.4,100.0
2011,Wan Chai (3),15.1,14.0,11.0,8.4,4.2,2.6,6.8,55.3,27.3,25.3,19.8,15.3,7.6,4.7,12.4,100.0
2011,Eastern (3),29.4,50.3,47.8,41.3,18.3,6.9,25.2,193.9,15.1,25.9,24.6,21.3,9.4,3.6,13.0,100.0
2011,Southern,10.8,20.2,21.2,19.1,8.8,4.6,13.4,84.7,12.7,23.9,25.0,22.6,10.4,5.5,15.8,100.0
2011,Yau Tsim Mong,27.3,32.3,22.4,18.8,8.8,3.4,12.2,113.0,24.2,28.6,19.9,16.6,7.8,3.0,10.8,100.0
2011,Sham Shui Po,28.6,35.1,30.7,25.2,10.3,4.0,14.3,133.9,21.4,26.2,22.9,18.8,7.7,3.0,10.7,100.0
2011,Kowloon City,21.6,30.2,29.1,24.4,12.2,5.3,17.5,122.8,17.6,24.6,23.7,19.9,10.0,4.3,14.3,100.0
2011,Wong Tai Sin,22.0,35.2,36.2,29.8,12.6,4.6,17.3,140.4,15.7,25.0,25.8,21.2,9.0,3.3,12.3,100.0
2011,Kwun Tong,37.3,56.7,53.2,43.1,17.3,6.5,23.8,214.1,17.4,26.5,24.8,20.1,8.1,3.0,11.1,100.0
2011,Kwai Tsing,27.2,39.0,44.2,37.7,14.7,5.8,20.5,168.6,16.1,23.2,26.2,22.3,8.7,3.4,12.1,100.0
2011,Tsuen Wan,14.6,29.5,25.1,22.3,7.8,3.1,10.9,102.4,14.2,28.8,24.5,21.8,7.6,3.0,10.6,100.0
2011,Tuen Mun,28.0,46.8,43.8,35.2,11.1,4.0,15.1,168.9,16.5,27.7,25.9,20.9,6.6,2.4,8.9,100.0
2011,Yuen Long,29.3,45.4,47.3,46.2,15.4,6.7,22.1,190.3,15.4,23.9,24.8,24.3,8.1,3.5,11.6,100.0
2011,North,15.2,22.8,25.5,24.4,8.7,2.9,11.6,99.5,15.3,22.9,25.6,24.5,8.7,2.9,11.7,100.0
2011,Tai Po,11.9,24.3,21.9,22.4,10.1,3.3,13.4,94.0,12.7,25.9,23.3,23.8,10.7,3.5,14.3,100.0
2011,Sha Tin,26.6,52.9,53.2,46.4,18.8,6.2,25.0,204.2,13.0,25.9,26.1,22.7,9.2,3.1,12.3,100.0
2011,Sai Kung,16.5,34.4,35.4,30.6,15.1,5.8,20.9,137.7,12.0,25.0,25.7,22.2,11.0,4.2,15.2,100.0
2011,Islands,9.2,12.5,9.9,10.0,4.2,1.8,6.0,47.5,19.3,26.3,20.8,21.0,8.8,3.8,12.6,100.0
2011,Whole Territory,391.2,605.1,576.8,499.4,205.5,81.4,286.9,2359.3,16.6,25.6,24.4,21.2,8.7,3.5,12.2,100.0
2012,Central and Western,21.0,24.2,19.4,13.6,6.8,4.0,10.8,89.0,23.6,27.2,21.7,15.3,7.7,4.5,12.2,100.0
2012,Wan Chai (3),15.4,15.3,9.8,8.6,4.4,2.7,7.1,56.1,27.4,27.2,17.4,15.3,7.9,4.8,12.7,100.0
2012,Eastern (3),31.0,50.7,49.2,39.4,17.2,7.9,25.1,195.3,15.8,26.0,25.2,20.1,8.8,4.1,12.9,100.0
2012,Southern,10.6,20.2,20.9,19.8,8.4,4.8,13.2,84.8,12.5,23.9,24.7,23.4,9.9,5.6,15.5,100.0
2012,Yau Tsim Mong,29.0,33.2,22.2,17.3,10.0,3.9,13.9,115.7,25.1,28.7,19.2,15.0,8.6,3.4,12.0,100.0
2012,Sham Shui Po,30.3,35.4,28.9,26.7,10.5,4.2,14.7,136.1,22.3,26.0,21.2,19.6,7.7,3.1,10.8,100.0
2012,Kowloon City,20.7,33.5,28.4,25.7,11.3,5.2,16.5,124.8,16.6,26.9,22.7,20.6,9.1,4.1,13.2,100.0
2012,Wong Tai Sin,21.0,37.0,38.0,30.1,12.4,4.1,16.5,142.6,14.7,25.9,26.7,21.1,8.7,2.9,11.6,100.0
2012,Kwun Tong,37.5,57.9,56.7,42.8,17.4,6.1,23.5,218.5,17.2,26.5,26.0,19.6,8.0,2.8,10.8,100.0
2012,Kwai Tsing,24.8,41.5,44.5,35.7,15.7,5.2,20.9,167.4,14.8,24.8,26.6,21.3,9.4,3.1,12.5,100.0
2012,Tsuen Wan,14.3,31.1,26.6,19.3,8.2,3.5,11.7,103.0,13.8,30.2,25.8,18.7,7.9,3.4,11.4,100.0
2012,Tuen Mun,28.2,47.6,44.4,33.8,12.1,4.0,16.1,170.2,16.6,28.0,26.1,19.8,7.1,2.4,9.5,100.0
2012,Yuen Long,29.9,46.1,49.3,43.9,17.6,6.3,24.0,193.2,15.5,23.9,25.5,22.7,9.1,3.3,12.4,100.0
2012,North,15.2,24.1,25.6,23.1,8.2,3.9,12.1,100.2,15.2,24.1,25.6,23.1,8.2,3.9,12.1,100.0
2012,Tai Po,13.0,23.2,23.5,22.1,8.8,4.2,13.0,94.7,13.7,24.5,24.8,23.3,9.3,4.4,13.7,100.0
2012,Sha Tin,25.6,53.6,56.1,46.9,18.0,6.5,24.5,206.8,12.4,25.9,27.1,22.7,8.7,3.1,11.8,100.0
2012,Sai Kung,16.7,35.4,32.3,34.4,14.2,5.8,20.0,138.7,12.0,25.5,23.3,24.8,10.2,4.2,14.4,100.0
2012,Islands,10.3,12.3,10.1,10.1,4.4,1.9,6.3,49.0,21.0,25.0,20.5,20.6,9.0,3.9,12.8,100.0
2012,Whole Territory,394.4,622.4,586.0,493.3,205.8,84.3,290.1,2386.2,16.5,26.1,24.6,20.7,8.6,3.5,12.2,100.0
2013,Central and Western,20.4,24.6,17.7,14.6,7.2,3.5,10.8,88.0,23.1,27.9,20.1,16.6,8.2,4.0,12.2,100.0
2013,Wan Chai (3),13.8,16.8,9.7,7.7,4.9,2.4,7.3,55.3,24.9,30.5,17.5,13.9,8.8,4.4,13.2,100.0
2013,Eastern (3),31.8,51.5,46.9,39.0,18.1,7.5,25.6,194.9,16.3,26.4,24.1,20.0,9.3,3.9,13.1,100.0
2013,Southern,10.4,21.4,22.0,18.7,8.7,4.3,13.0,85.5,12.1,25.1,25.7,21.9,10.2,5.0,15.2,100.0
2013,Yau Tsim Mong,27.5,32.7,22.6,18.2,9.2,3.9,13.1,114.1,24.1,28.7,19.8,15.9,8.1,3.4,11.5,100.0
2013,Sham Shui Po,29.5,35.5,32.8,25.2,10.0,4.0,14.0,136.9,21.6,25.9,23.9,18.4,7.3,2.9,10.2,100.0
2013,Kowloon City,20.7,33.4,29.5,25.0,11.4,4.8,16.2,124.8,16.6,26.7,23.6,20.0,9.1,3.9,13.0,100.0
2013,Wong Tai Sin,22.7,39.2,36.0,29.3,12.7,4.6,17.3,144.4,15.7,27.1,24.9,20.3,8.8,3.2,12.0,100.0
2013,Kwun Tong,39.8,61.7,57.6,45.7,15.3,5.6,20.9,225.7,17.6,27.4,25.5,20.3,6.8,2.5,9.3,100.0
2013,Kwai Tsing,27.0,44.6,41.8,37.2,14.0,5.6,19.5,170.1,15.9,26.2,24.6,21.8,8.2,3.3,11.5,100.0
2013,Tsuen Wan,14.2,30.7,26.0,20.5,7.8,3.5,11.3,102.6,13.8,29.9,25.3,19.9,7.6,3.4,11.0,100.0
2013,Tuen Mun,27.0,49.1,45.2,33.9,10.8,4.4,15.3,170.3,15.8,28.8,26.5,19.9,6.4,2.6,9.0,100.0
2013,Yuen Long,32.8,47.2,47.5,44.3,15.1,8.8,23.9,195.6,16.8,24.1,24.3,22.7,7.7,4.5,12.2,100.0
2013,North,13.9,24.9,26.8,23.1,8.4,3.2,11.5,100.2,13.9,24.9,26.7,23.0,8.3,3.2,11.5,100.0
2013,Tai Po,11.3,25.0,23.3,23.1,9.0,3.7,12.7,95.5,11.9,26.2,24.4,24.2,9.4,3.8,13.3,100.0
2013,Sha Tin,26.8,57.9,59.8,44.1,18.3,6.0,24.2,213.0,12.6,27.2,28.1,20.7,8.6,2.8,11.4,100.0
2013,Sai Kung,16.4,35.8,35.6,32.6,13.7,6.1,19.8,140.1,11.7,25.5,25.4,23.3,9.7,4.4,14.1,100.0
2013,Islands,11.0,13.1,9.7,9.7,4.4,2.2,6.6,50.2,21.9,26.2,19.4,19.4,8.8,4.4,13.1,100.0
2013,Whole Territory,396.9,645.1,590.4,491.9,199.0,84.1,283.1,2407.3,16.5,26.8,24.5,20.4,8.3,3.5,11.8,100.0
2014,Central and Western,21.6,24.1,17.4,13.1,7.4,3.8,11.2,87.3,24.7,27.6,19.9,15.0,8.5,4.3,12.8,100.0
2014,Wan Chai (3),14.6,16.8,10.0,7.9,4.7,2.1,6.8,56.1,26.1,29.8,17.8,14.2,8.4,3.7,12.1,100.0
2014,Eastern (3),30.0,54.2,47.5,39.9,16.7,6.5,23.2,194.7,15.4,27.8,24.4,20.5,8.6,3.3,11.9,100.0
2014,Southern,11.6,21.2,21.7,18.4,9.3,3.8,13.0,85.9,13.5,24.6,25.3,21.4,10.8,4.4,15.2,100.0
2014,Yau Tsim Mong,27.7,33.0,25.4,17.6,8.1,3.8,11.9,115.6,24.0,28.6,22.0,15.2,7.0,3.3,10.3,100.0
2014,Sham Shui Po,30.2,37.6,31.0,25.2,9.8,5.0,14.8,138.7,21.8,27.1,22.3,18.2,7.1,3.6,10.6,100.0
2014,Kowloon City,26.0,37.9,32.0,23.4,11.9,5.8,17.7,136.9,19.0,27.7,23.4,17.1,8.7,4.2,12.9,100.0
2014,Wong Tai Sin,23.0,37.1,37.6,29.8,12.7,4.2,16.9,144.4,15.9,25.7,26.1,20.6,8.8,2.9,11.7,100.0
2014,Kwun Tong,41.3,60.6,56.6,43.4,15.3,7.7,23.0,224.8,18.4,26.9,25.2,19.3,6.8,3.4,10.2,100.0
2014,Kwai Tsing,26.4,43.4,43.7,36.8,14.6,4.8,19.5,169.8,15.5,25.6,25.7,21.7,8.6,2.9,11.5,100.0
2014,Tsuen Wan,15.3,30.3,25.9,20.7,8.6,2.6,11.2,103.4,14.8,29.3,25.1,20.0,8.3,2.5,10.8,100.0
2014,Tuen Mun,26.9,49.2,45.3,36.2,10.5,3.6,14.1,171.7,15.7,28.6,26.4,21.1,6.1,2.1,8.2,100.0
2014,Yuen Long,32.0,52.8,47.0,42.8,15.9,8.4,24.3,199.0,16.1,26.5,23.6,21.5,8.0,4.2,12.2,100.0
2014,North,13.9,26.5,27.1,21.3,8.4,3.5,11.9,100.8,13.8,26.3,26.9,21.2,8.3,3.5,11.8,100.0
2014,Tai Po,13.0,24.2,23.4,22.4,9.5,4.1,13.6,96.5,13.4,25.0,24.3,23.2,9.9,4.2,14.1,100.0
2014,Sha Tin,28.2,58.2,58.4,44.2,17.7,7.3,24.9,214.0,13.2,27.2,27.3,20.7,8.3,3.4,11.7,100.0
2014,Sai Kung,17.4,35.7,35.8,32.9,14.3,6.3,20.6,142.3,12.2,25.1,25.1,23.1,10.1,4.4,14.5,100.0
2014,Islands,11.3,13.2,9.4,9.8,4.3,2.4,6.7,50.3,22.4,26.1,18.8,19.4,8.5,4.8,13.3,100.0
2014,Whole Territory,410.3,655.6,595.2,485.9,199.8,85.6,285.4,2432.4,16.9,27.0,24.5,20.0,8.2,3.5,11.7,100.0
2015,Central and Western,25.3,24.2,16.0,12.7,6.9,4.4,11.3,89.5,28.3,27.0,17.9,14.2,7.7,4.9,12.6,100.0
2015,Wan Chai (3),16.4,17.5,9.0,8.1,4.4,2.4,6.7,57.6,28.4,30.4,15.6,14.0,7.6,4.1,11.7,100.0
2015,Eastern (3),32.4,55.7,46.8,36.7,17.5,6.5,24.0,195.6,16.6,28.5,23.9,18.7,9.0,3.3,12.3,100.0
2015,Southern,12.2,21.4,21.9,17.3,9.8,3.8,13.6,86.5,14.1,24.8,25.3,20.0,11.3,4.4,15.8,100.0
2015,Yau Tsim Mong,30.0,34.8,24.4,17.4,8.6,4.0,12.6,119.1,25.2,29.2,20.5,14.6,7.2,3.3,10.5,100.0
2015,Sham Shui Po,31.2,39.2,29.8,25.0,10.9,4.3,15.2,140.4,22.2,27.9,21.2,17.8,7.7,3.1,10.8,100.0
2015,Kowloon City,25.0,41.7,32.0,24.0,11.8,4.8,16.6,139.3,17.9,29.9,23.0,17.2,8.5,3.5,11.9,100.0
2015,Wong Tai Sin,24.6,37.8,36.5,30.5,11.5,4.8,16.3,145.7,16.9,26.0,25.0,20.9,7.9,3.3,11.2,100.0
2015,Kwun Tong,40.7,62.1,58.9,41.9,16.7,6.2,22.9,226.4,18.0,27.4,26.0,18.5,7.4,2.7,10.1,100.0
2015,Kwai Tsing,27.1,43.8,45.4,36.5,14.4,5.0,19.4,172.2,15.8,25.4,26.4,21.2,8.3,2.9,11.3,100.0
2015,Tsuen Wan,16.3,31.5,24.6,19.9,8.6,3.2,11.8,104.2,15.6,30.3,23.7,19.1,8.2,3.1,11.3,100.0
2015,Tuen Mun,26.5,51.8,44.4,35.4,11.9,3.5,15.5,173.5,15.3,29.8,25.6,20.4,6.9,2.0,8.9,100.0
2015,Yuen Long,33.8,51.2,50.1,42.8,16.8,8.3,25.1,203.0,16.6,25.2,24.7,21.1,8.3,4.1,12.4,100.0
2015,North,15.2,25.3,26.4,23.0,9.5,3.2,12.7,102.7,14.8,24.7,25.7,22.4,9.2,3.1,12.3,100.0
2015,Tai Po,11.8,26.6,26.2,21.0,8.6,4.7,13.3,98.8,11.9,26.9,26.5,21.2,8.7,4.8,13.4,100.0
2015,Sha Tin,30.0,60.8,57.9,44.6,18.9,7.0,25.9,219.2,13.7,27.7,26.4,20.3,8.6,3.2,11.8,100.0
2015,Sai Kung,18.2,36.9,36.7,32.9,13.6,7.0,20.6,145.4,12.5,25.4,25.3,22.6,9.4,4.8,14.2,100.0
2015,Islands,12.7,14.0,7.9,9.6,5.4,2.1,7.5,51.7,24.6,27.1,15.3,18.6,10.4,4.1,14.5,100.0
2015,Whole Territory,429.5,676.5,595.0,479.1,205.6,85.3,290.9,2471.1,17.4,27.4,24.1,19.4,8.3,3.5,11.8,100.0
2016,Central and Western,18.8,26.1,15.4,14.4,6.6,3.5,10.1,84.7,22.2,30.8,18.1,16.9,7.8,4.1,11.9,100.0
2016,Wan Chai (3),17.2,17.4,13.2,9.6,5.0,2.8,7.9,65.3,26.3,26.6,20.2,14.7,7.7,4.3,12.0,100.0
2016,Eastern (3),33.1,48.7,43.8,37.3,16.9,6.9,23.8,186.7,17.7,26.1,23.5,20.0,9.1,3.7,12.7,100.0
2016,Southern,12.5,20.8,20.4,18.8,8.0,4.3,12.4,84.9,14.8,24.5,24.1,22.1,9.5,5.1,14.6,100.0
2016,Yau Tsim Mong,31.0,38.4,24.1,20.1,9.3,3.5,12.9,126.4,24.5,30.4,19.0,15.9,7.4,2.8,10.2,100.0
2016,Sham Shui Po,34.5,40.6,33.1,24.5,10.3,3.9,14.3,146.9,23.5,27.6,22.5,16.7,7.0,2.7,9.7,100.0
2016,Kowloon City,26.7,37.5,31.2,26.4,13.0,5.2,18.2,140.0,19.1,26.8,22.3,18.8,9.3,3.7,13.0,100.0
2016,Wong Tai Sin,26.1,37.9,35.9,29.7,11.1,5.0,16.0,145.6,17.9,26.0,24.7,20.4,7.6,3.4,11.0,100.0
2016,Kwun Tong,43.0,59.5,57.2,43.6,16.1,7.1,23.2,226.5,19.0,26.3,25.3,19.2,7.1,3.1,10.2,100.0
2016,Kwai Tsing,29.8,45.8,43.1,36.2,14.5,5.5,19.9,174.9,17.1,26.2,24.7,20.7,8.3,3.1,11.4,100.0
2016,Tsuen Wan,18.3,30.4,26.4,23.3,8.1,2.7,10.8,109.2,16.7,27.9,24.1,21.3,7.4,2.5,9.9,100.0
2016,Tuen Mun,30.5,49.7,47.1,30.6,9.7,4.7,14.4,172.3,17.7,28.8,27.3,17.7,5.6,2.7,8.4,100.0
2016,Yuen Long,36.6,53.3,52.6,40.6,16.2,8.5,24.8,207.8,17.6,25.6,25.3,19.5,7.8,4.1,11.9,100.0
2016,North,18.2,29.4,26.4,19.6,9.9,3.0,13.0,106.5,17.1,27.6,24.8,18.4,9.3,2.9,12.2,100.0
2016,Tai Po,13.4,28.6,24.7,18.8,9.2,4.5,13.7,99.2,13.5,28.9,24.9,18.9,9.3,4.5,13.8,100.0
2016,Sha Tin,31.6,60.2,58.7,42.8,18.7,7.2,25.8,219.2,14.4,27.5,26.8,19.5,8.5,3.3,11.8,100.0
2016,Sai Kung,20.0,37.2,37.3,33.4,14.1,6.0,20.1,147.9,13.5,25.1,25.2,22.6,9.5,4.1,13.6,100.0
2016,Islands,11.9,15.9,10.6,10.1,4.4,1.9,6.4,54.9,21.7,28.9,19.4,18.4,8.0,3.5,11.6,100.0
2016,Whole Territory,453.2,677.3,601.2,479.6,201.3,86.3,287.6,2498.9,18.1,27.1,24.1,19.2,8.1,3.5,11.5,100.0
2017,Central and Western,21.0,23.5,18.4,13.4,7.2,3.0,10.2,86.5,24.3,27.2,21.2,15.5,8.4,3.5,11.8,100.0
2017,Wan Chai (3),18.2,18.0,13.2,9.5,5.9,2.2,8.1,67.1,27.2,26.9,19.7,14.1,8.8,3.3,12.1,100.0
2017,Eastern (3),33.3,48.6,45.1,37.2,16.7,5.8,22.5,186.6,17.8,26.0,24.1,20.0,8.9,3.1,12.0,100.0
2017,Southern,11.6,21.5,21.4,18.0,8.0,4.0,12.0,84.6,13.7,25.5,25.3,21.3,9.4,4.8,14.2,100.0
2017,Yau Tsim Mong,31.3,36.5,24.6,20.4,9.4,2.7,12.1,124.8,25.1,29.2,19.7,16.3,7.5,2.2,9.7,100.0
2017,Sham Shui Po,33.8,42.6,32.2,24.9,10.3,4.0,14.3,147.7,22.9,28.8,21.8,16.9,7.0,2.7,9.7,100.0
2017,Kowloon City,26.2,38.0,33.0,26.8,12.5,4.3,16.8,140.7,18.6,27.0,23.5,19.0,8.9,3.0,11.9,100.0
2017,Wong Tai Sin,25.7,37.8,38.9,28.7,10.7,4.5,15.3,146.3,17.6,25.8,26.6,19.6,7.3,3.1,10.4,100.0
2017,Kwun Tong,42.0,67.8,59.7,42.4,16.7,6.9,23.6,235.5,17.8,28.8,25.3,18.0,7.1,2.9,10.0,100.0
2017,Kwai Tsing,27.9,47.2,45.9,34.7,14.2,4.9,19.1,174.8,16.0,27.0,26.2,19.9,8.1,2.8,10.9,100.0
2017,Tsuen Wan,18.0,32.1,25.5,22.2,8.4,3.1,11.5,109.2,16.5,29.4,23.3,20.3,7.7,2.8,10.5,100.0
2017,Tuen Mun,29.2,52.9,45.6,31.3,9.5,4.2,13.8,172.9,16.9,30.6,26.4,18.1,5.5,2.5,8.0,100.0
2017,Yuen Long,37.3,58.2,53.2,40.1,16.3,8.6,25.0,213.7,17.4,27.2,24.9,18.7,7.6,4.0,11.7,100.0
2017,North,19.7,27.0,28.0,20.4,8.0,4.1,12.1,107.3,18.4,25.2,26.1,19.0,7.5,3.9,11.3,100.0
2017,Tai Po,14.4,26.5,27.9,19.3,8.2,4.4,12.6,100.7,14.3,26.3,27.8,19.2,8.1,4.3,12.5,100.0
2017,Sha Tin,32.2,65.7,59.9,44.5,19.3,6.4,25.8,228.1,14.1,28.8,26.3,19.5,8.5,2.8,11.3,100.0
2017,Sai Kung,18.1,39.7,38.1,31.9,15.8,5.4,21.2,149.0,12.1,26.7,25.6,21.4,10.6,3.6,14.2,100.0
2017,Islands,12.2,17.6,11.0,9.7,5.3,1.6,6.9,57.3,21.2,30.7,19.2,16.9,9.3,2.8,12.0,100.0
2017,Whole Territory,452.0,701.2,621.5,475.4,202.5,80.2,282.7,2532.8,17.8,27.7,24.5,18.8,8.0,3.2,11.2,100.0
2018,Central and Western,21.9,25.7,17.6,13.3,6.8,2.9,9.8,88.2,24.8,29.1,20.0,15.0,7.8,3.3,11.1,100.0
2018,Wan Chai (3),20.0,19.2,11.5,9.9,5.7,2.4,8.1,68.7,29.1,28.0,16.7,14.5,8.2,3.5,11.7,100.0
2018,Eastern (3),33.5,50.8,44.2,36.1,16.6,6.5,23.1,187.7,17.9,27.0,23.5,19.3,8.9,3.5,12.3,100.0
2018,Southern,12.3,22.6,20.3,18.7,7.6,4.5,12.1,86.1,14.3,26.3,23.5,21.8,8.9,5.2,14.1,100.0
2018,Yau Tsim Mong,32.2,37.4,25.0,18.8,8.1,3.9,12.0,125.4,25.7,29.8,20.0,15.0,6.5,3.1,9.6,100.0
2018,Sham Shui Po,34.9,37.1,35.9,24.0,9.8,4.1,13.9,145.7,23.9,25.5,24.6,16.5,6.7,2.8,9.5,100.0
2018,Kowloon City,27.9,38.8,34.1,24.7,12.0,5.1,17.2,142.7,19.5,27.2,23.9,17.3,8.4,3.6,12.0,100.0
2018,Wong Tai Sin,25.4,38.8,36.5,29.7,11.1,4.2,15.3,145.7,17.4,26.7,25.0,20.4,7.6,2.9,10.5,100.0
2018,Kwun Tong,44.0,65.3,64.1,44.0,16.0,7.1,23.1,240.5,18.3,27.2,26.6,18.3,6.6,2.9,9.6,100.0
2018,Kwai Tsing,29.3,46.1,44.4,34.5,14.5,5.5,20.0,174.4,16.8,26.5,25.5,19.8,8.3,3.2,11.5,100.0
2018,Tsuen Wan,19.9,30.7,25.4,22.0,7.9,3.3,11.3,109.2,18.2,28.1,23.3,20.1,7.2,3.1,10.3,100.0
2018,Tuen Mun,31.7,54.2,44.6,31.2,11.5,4.7,16.1,177.8,17.8,30.5,25.1,17.5,6.5,2.6,9.1,100.0
2018,Yuen Long,38.7,60.3,50.4,42.9,16.7,8.8,25.5,217.8,17.8,27.7,23.2,19.7,7.6,4.0,11.7,100.0
2018,North,16.7,30.4,28.4,20.1,7.2,4.5,11.7,107.4,15.6,28.3,26.5,18.7,6.7,4.2,10.9,100.0
2018,Tai Po,14.8,27.6,25.7,20.3,9.3,3.9,13.2,101.7,14.6,27.2,25.3,20.0,9.1,3.8,13.0,100.0
2018,Sha Tin,33.6,67.3,60.5,43.5,18.6,7.2,25.8,230.7,14.6,29.2,26.2,18.9,8.1,3.1,11.2,100.0
2018,Sai Kung,19.1,40.6,40.1,30.4,15.0,6.3,21.4,151.5,12.6,26.8,26.4,20.1,9.9,4.2,14.1,100.0
2018,Islands,16.3,18.1,11.1,10.2,5.0,2.4,7.3,63.0,25.8,28.7,17.7,16.2,7.9,3.7,11.6,100.0
2018,Whole Territory,472.3,711.1,619.9,474.4,199.3,87.4,286.7,2564.4,18.4,27.7,24.2,18.5,7.8,3.4,11.2,100.0
2019,Central and Western,24.6,25.4,18.0,11.9,6.4,3.4,9.8,89.7,27.4,28.3,20.1,13.2,7.1,3.8,10.9,100.0
2019,Wan Chai (3),21.7,19.5,11.9,9.2,5.5,2.3,7.8,70.0,30.9,27.8,16.9,13.1,7.8,3.3,11.2,100.0
2019,Eastern (3),34.7,51.6,44.8,35.7,16.0,6.5,22.5,189.3,18.3,27.2,23.7,18.9,8.5,3.4,11.9,100.0
2019,Southern,13.6,22.6,20.6,16.8,8.0,4.8,12.8,86.5,15.8,26.2,23.9,19.4,9.3,5.5,14.8,100.0
2019,Yau Tsim Mong,34.5,39.4,23.4,18.2,8.8,3.2,12.0,127.6,27.0,30.9,18.3,14.3,6.9,2.5,9.4,100.0
2019,Sham Shui Po,35.4,42.4,34.5,25.5,11.4,4.3,15.7,153.5,23.1,27.6,22.5,16.6,7.4,2.8,10.2,100.0
2019,Kowloon City,29.2,42.5,32.8,25.3,12.6,5.0,17.6,147.3,19.8,28.8,22.3,17.2,8.5,3.4,11.9,100.0
2019,Wong Tai Sin,24.4,39.6,37.2,28.1,11.2,4.3,15.5,144.8,16.8,27.4,25.7,19.4,7.7,3.0,10.7,100.0
2019,Kwun Tong,42.8,69.6,63.1,45.1,17.8,6.2,24.1,244.8,17.5,28.4,25.8,18.4,7.3,2.5,9.8,100.0
2019,Kwai Tsing,28.7,47.0,45.9,33.5,13.0,6.0,18.9,174.0,16.5,27.0,26.3,19.3,7.4,3.4,10.9,100.0
2019,Tsuen Wan,17.9,34.2,28.2,19.9,7.6,2.8,10.4,110.7,16.2,30.9,25.5,18.0,6.9,2.6,9.4,100.0
2019,Tuen Mun,31.0,54.7,45.6,32.3,10.7,4.1,14.8,178.5,17.4,30.7,25.5,18.1,6.0,2.3,8.3,100.0
2019,Yuen Long,40.1,61.3,54.0,42.2,16.5,8.8,25.3,222.9,18.0,27.5,24.2,18.9,7.4,3.9,11.4,100.0
2019,North,17.7,29.9,28.3,19.5,7.9,4.2,12.1,107.6,16.5,27.8,26.3,18.2,7.3,3.9,11.2,100.0
2019,Tai Po,14.5,29.1,26.9,20.5,7.9,4.2,12.1,103.0,14.1,28.2,26.1,19.9,7.7,4.1,11.7,100.0
2019,Sha Tin,34.5,65.8,65.0,45.0,17.9,6.7,24.5,234.8,14.7,28.0,27.7,19.2,7.6,2.8,10.4,100.0
2019,Sai Kung,21.7,41.3,39.4,30.4,15.3,6.7,21.9,154.7,14.1,26.7,25.5,19.6,9.9,4.3,14.2,100.0
2019,Islands,17.2,19.5,14.4,10.2,5.1,2.3,7.4,68.8,25.1,28.4,20.9,14.9,7.5,3.3,10.8,100.0
2019,Whole Territory,484.2,735.4,633.9,469.5,199.6,85.8,285.4,2608.4,18.6,28.2,24.3,18.0,7.7,3.3,10.9,100.0
2020,Central and Western,26.7,25.6,17.3,13.0,5.8,3.3,9.1,91.7,29.1,28.0,18.9,14.1,6.3,3.6,9.9,100.0
2020,Wan Chai (3),22.8,19.4,12.3,8.1,4.1,3.2,7.3,69.9,32.6,27.7,17.6,11.5,5.9,4.6,10.5,100.0
2020,Eastern (3),36.2,53.6,43.5,36.3,14.8,6.6,21.4,191.0,19.0,28.0,22.8,19.0,7.8,3.5,11.2,100.0
2020,Southern,13.4,22.5,22.0,17.1,7.5,4.4,11.9,86.9,15.4,25.9,25.3,19.6,8.7,5.1,13.7,100.0
2020,Yau Tsim Mong,35.8,39.6,23.6,16.9,9.7,2.6,12.3,128.2,27.9,30.9,18.4,13.2,7.6,2.1,9.6,100.0
2020,Sham Shui Po,37.0,44.0,37.3,27.3,11.2,4.4,15.6,161.2,23.0,27.3,23.1,16.9,6.9,2.7,9.7,100.0
2020,Kowloon City,30.0,43.2,34.7,25.6,11.9,4.8,16.7,150.2,20.0,28.8,23.1,17.0,7.9,3.2,11.1,100.0
2020,Wong Tai Sin,25.0,38.4,39.2,27.3,10.7,4.8,15.5,145.4,17.2,26.4,27.0,18.8,7.4,3.3,10.7,100.0
2020,Kwun Tong,41.8,70.6,63.1,45.7,17.3,6.5,23.8,245.0,17.0,28.8,25.8,18.7,7.1,2.6,9.7,100.0
2020,Kwai Tsing,27.3,47.6,45.7,34.4,13.4,5.3,18.8,173.8,15.7,27.4,26.3,19.8,7.7,3.1,10.8,100.0
2020,Tsuen Wan,20.3,33.6,27.2,19.1,8.8,2.8,11.6,111.9,18.1,30.1,24.3,17.1,7.9,2.5,10.4,100.0
2020,Tuen Mun,33.1,54.8,44.7,32.7,11.0,4.5,15.5,180.8,18.3,30.3,24.7,18.1,6.1,2.5,8.6,100.0
2020,Yuen Long,42.4,63.7,52.1,41.6,15.3,10.0,25.4,225.1,18.8,28.3,23.1,18.5,6.8,4.5,11.3,100.0
2020,North,16.7,31.6,29.0,21.5,7.6,3.3,10.8,109.5,15.2,28.8,26.5,19.6,6.9,3.0,9.9,100.0
2020,Tai Po,15.4,29.5,25.7,21.3,8.8,3.7,12.5,104.5,14.7,28.2,24.6,20.4,8.4,3.6,12.0,100.0
2020,Sha Tin,37.3,68.6,61.6,47.1,17.6,6.8,24.4,239.0,15.6,28.7,25.8,19.7,7.4,2.9,10.2,100.0
2020,Sai Kung,21.1,42.1,40.3,33.5,14.2,6.0,20.2,157.2,13.5,26.8,25.6,21.3,9.0,3.8,12.8,100.0
2020,Islands,17.9,20.2,12.8,11.6,5.6,1.7,7.3,69.8,25.6,29.0,18.3,16.6,8.1,2.4,10.5,100.0
2020,Whole Territory,500.1,748.7,632.2,479.9,195.4,84.8,280.2,2641.2,18.9,28.3,23.9,18.2,7.4,3.2,10.6,100.0
2021,Central and Western,23.3,25.6,15.9,13.4,6.3,3.2,9.5,87.7,26.5,29.1,18.2,15.3,7.2,3.7,10.9,100.0
2021,Wan Chai (3),17.4,19.5,9.6,8.9,4.7,3.1,7.8,63.2,27.5,30.9,15.3,14.0,7.5,4.9,12.4,100.0
2021,Eastern (3),34.0,56.2,44.3,35.1,13.3,5.5,18.8,188.4,18.0,29.8,23.5,18.6,7.1,2.9,10.0,100.0
2021,Southern,12.8,24.2,22.3,14.8,7.9,4.3,12.2,86.2,14.8,28.1,25.8,17.1,9.1,5.0,14.1,100.0
2021,Yau Tsim Mong,34.7,38.0,24.6,16.2,7.4,2.7,10.1,123.6,28.1,30.7,19.9,13.1,6.0,2.2,8.2,100.0
2021,Sham Shui Po,41.1,48.1,37.1,25.5,9.4,3.5,12.9,164.7,24.9,29.2,22.5,15.5,5.7,2.1,7.9,100.0
2021,Kowloon City,31.9,41.7,32.5,23.7,11.5,5.2,16.7,146.5,21.8,28.5,22.1,16.2,7.9,3.6,11.4,100.0
2021,Wong Tai Sin,27.7,41.7,39.2,26.1,8.7,3.8,12.5,147.2,18.8,28.3,26.6,17.7,5.9,2.6,8.5,100.0
2021,Kwun Tong,48.6,73.4,61.1,44.0,14.5,5.8,20.3,247.4,19.6,29.6,24.7,17.8,5.9,2.3,8.2,100.0
2021,Kwai Tsing,32.6,50.3,44.8,33.7,10.6,4.6,15.2,176.6,18.5,28.5,25.3,19.1,6.0,2.6,8.6,100.0
2021,Tsuen Wan,18.7,35.9,27.4,21.9,7.8,2.3,10.1,114.1,16.4,31.5,24.1,19.2,6.8,2.0,8.8,100.0
2021,Tuen Mun,37.6,57.3,45.7,32.0,10.5,4.1,14.6,187.2,20.1,30.6,24.4,17.1,5.6,2.2,7.8,100.0
2021,Yuen Long,44.0,65.3,54.6,45.3,17.4,8.1,25.5,234.7,18.8,27.8,23.3,19.3,7.4,3.4,10.9,100.0
2021,North,20.9,33.5,27.7,19.3,6.7,3.2,9.9,111.3,18.8,30.1,24.9,17.4,6.0,2.8,8.9,100.0
2021,Tai Po,18.0,33.0,27.7,20.8,7.4,3.7,11.1,110.5,16.3,29.8,25.0,18.9,6.7,3.3,10.0,100.0
2021,Sha Tin,39.8,76.1,62.1,44.4,16.6,6.7,23.4,245.8,16.2,31.0,25.3,18.1,6.8,2.7,9.5,100.0
2021,Sai Kung,25.7,46.6,43.6,31.6,13.2,6.1,19.3,166.9,15.4,27.9,26.1,18.9,7.9,3.6,11.6,100.0
2021,Islands,14.1,18.9,15.9,12.4,4.6,1.5,6.1,67.4,20.9,28.0,23.6,18.5,6.8,2.2,9.0,100.0
2021,Whole Territory,523.1,785.0,636.1,469.3,178.6,77.4,256.1,2669.5,19.6,29.4,23.8,17.6,6.7,2.9,9.6,100.0
2022,Central and Western,23.1,24.5,16.0,11.1,5.9,3.3,9.2,84.0,27.5,29.2,19.1,13.2,7.0,3.9,11.0,100.0
2022,Wan Chai (3),17.4,16.6,11.0,8.6,3.8,2.5,6.2,60.0,29.1,27.8,18.4,14.4,6.3,4.1,10.4,100.0
2022,Eastern (3),35.4,55.8,46.1,31.4,12.5,5.3,17.8,186.6,19.0,29.9,24.7,16.8,6.7,2.9,9.6,100.0
2022,Southern,13.6,24.0,22.0,13.9,7.6,3.8,11.4,85.0,16.1,28.3,25.9,16.4,8.9,4.5,13.4,100.0
2022,Yau Tsim Mong,37.2,34.1,22.1,15.9,7.5,2.5,10.0,119.2,31.2,28.6,18.5,13.4,6.3,2.1,8.4,100.0
2022,Sham Shui Po,42.6,50.3,36.1,23.2,10.4,3.5,13.9,166.1,25.6,30.3,21.8,14.0,6.3,2.1,8.4,100.0
2022,Kowloon City,30.5,44.4,32.7,22.7,10.3,4.6,14.9,145.1,21.0,30.6,22.5,15.6,7.1,3.2,10.3,100.0
2022,Wong Tai Sin,30.3,43.1,37.2,24.8,9.4,3.5,12.9,148.3,20.4,29.1,25.1,16.7,6.3,2.4,8.7,100.0
2022,Kwun Tong,52.5,73.0,64.0,40.1,15.6,4.5,20.2,249.8,21.0,29.2,25.6,16.0,6.3,1.8,8.1,100.0
2022,Kwai Tsing,33.8,51.8,45.6,30.3,11.2,4.1,15.3,176.9,19.1,29.3,25.8,17.2,6.3,2.3,8.6,100.0
2022,Tsuen Wan,19.7,35.8,27.3,18.9,8.0,2.5,10.5,112.3,17.6,31.9,24.3,16.8,7.2,2.2,9.4,100.0
2022,Tuen Mun,38.4,60.0,48.5,29.9,9.5,3.8,13.4,190.1,20.2,31.5,25.5,15.7,5.0,2.0,7.0,100.0
2022,Yuen Long,43.8,65.6,58.8,42.0,15.0,7.7,22.7,232.9,18.8,28.2,25.3,18.0,6.4,3.3,9.8,100.0
2022,North,25.4,37.5,29.2,20.3,6.2,3.9,10.1,122.5,20.7,30.6,23.8,16.6,5.1,3.2,8.3,100.0
2022,Tai Po,19.6,33.6,28.9,18.9,6.5,3.8,10.3,111.2,17.6,30.2,26.0,17.0,5.8,3.4,9.2,100.0
2022,Sha Tin,39.2,77.0,64.8,42.8,16.1,5.5,21.7,245.5,16.0,31.4,26.4,17.4,6.6,2.3,8.8,100.0
2022,Sai Kung,26.1,50.3,44.0,30.1,13.3,5.8,19.2,169.6,15.4,29.6,25.9,17.8,7.9,3.4,11.3,100.0
2022,Islands,14.2,19.1,15.0,11.6,4.3,1.9,6.2,66.0,21.4,28.9,22.7,17.6,6.6,2.8,9.4,100.0
2022,Whole Territory,542.7,796.5,649.2,436.7,173.5,72.5,246.0,2671.1,20.3,29.8,24.3,16.3,6.5,2.7,9.2,100.0
2023,Central and Western,22.6,26.6,16.1,11.4,6.4,3.0,9.5,86.3,26.2,30.9,18.7,13.2,7.5,3.5,11.0,100.0
2023,Wan Chai (3),15.3,20.6,11.4,9.0,3.7,1.8,5.5,61.8,24.8,33.3,18.5,14.6,5.9,2.9,8.8,100.0
2023,Eastern (3),35.3,55.6,46.4,32.4,11.6,5.1,16.7,186.5,19.0,29.8,24.9,17.4,6.2,2.7,9.0,100.0
2023,Southern,12.0,26.2,20.7,15.1,8.3,3.4,11.7,85.7,14.0,30.6,24.2,17.6,9.6,4.0,13.7,100.0
2023,Yau Tsim Mong,33.9,40.0,21.8,15.3,6.7,2.9,9.6,120.7,28.1,33.2,18.1,12.7,5.5,2.4,8.0,100.0
2023,Sham Shui Po,40.5,51.5,38.5,23.5,9.8,3.3,13.1,167.1,24.2,30.8,23.0,14.1,5.8,2.0,7.8,100.0
2023,Kowloon City,30.4,45.8,34.6,23.3,9.7,4.8,14.5,148.6,20.5,30.8,23.3,15.7,6.5,3.2,9.7,100.0
2023,Wong Tai Sin,28.9,43.5,36.6,25.9,9.2,3.3,12.5,147.3,19.6,29.5,24.8,17.6,6.2,2.3,8.5,100.0
2023,Kwun Tong,51.8,74.0,60.1,40.2,15.7,5.6,21.3,247.4,20.9,29.9,24.3,16.2,6.4,2.3,8.6,100.0
2023,Kwai Tsing,33.7,53.0,44.8,32.6,10.1,4.3,14.4,178.5,18.9,29.7,25.1,18.3,5.6,2.4,8.1,100.0
2023,Tsuen Wan,20.4,34.0,26.1,20.1,7.9,2.8,10.7,111.3,18.4,30.5,23.4,18.1,7.1,2.5,9.6,100.0
2023,Tuen Mun,43.6,58.8,49.8,31.0,12.0,4.5,16.5,199.5,21.8,29.5,24.9,15.5,6.0,2.2,8.3,100.0
2023,Yuen Long,42.7,72.3,56.6,39.8,16.4,8.7,25.1,236.4,18.0,30.6,23.9,16.8,6.9,3.7,10.6,100.0
2023,North,22.6,38.5,31.0,20.6,6.9,3.3,10.2,123.0,18.4,31.3,25.2,16.7,5.6,2.7,8.3,100.0
2023,Tai Po,19.3,35.0,26.9,17.2,7.4,4.8,12.2,110.6,17.5,31.6,24.3,15.6,6.7,4.3,11.0,100.0
2023,Sha Tin,41.6,75.0,65.0,40.1,18.2,7.0,25.2,246.9,16.8,30.4,26.3,16.3,7.4,2.8,10.2,100.0
2023,Sai Kung,29.4,46.1,42.9,33.5,14.2,5.3,19.5,171.4,17.1,26.9,25.0,19.6,8.3,3.1,11.4,100.0
2023,Islands,16.1,20.7,16.4,11.3,5.2,1.9,7.1,71.5,22.5,28.9,22.9,15.8,7.2,2.7,9.9,100.0
2023,Whole Territory,539.9,817.2,645.6,442.5,179.3,75.9,255.2,2700.4,20.0,30.3,23.9,16.4,6.6,2.8,9.4,100.0
2024,Central and Western,26.2,25.9,17.4,11.5,5.6,2.3,7.9,88.8,29.5,29.1,19.5,13.0,6.3,2.5,8.9,100.0
2024,Wan Chai (3),19.7,20.2,11.0,7.6,4.0,2.0,6.0,64.6,30.5,31.3,17.1,11.8,6.2,3.1,9.3,100.0
2024,Eastern (3),40.6,58.1,45.2,29.8,12.4,4.5,16.9,190.6,21.3,30.5,23.7,15.6,6.5,2.4,8.9,100.0
2024,Southern,14.1,23.6,24.2,14.7,6.3,3.5,9.8,86.5,16.3,27.3,28.0,17.0,7.3,4.0,11.3,100.0
2024,Yau Tsim Mong,43.6,36.9,20.5,14.5,7.1,2.9,10.0,125.5,34.7,29.4,16.3,11.6,5.7,2.3,8.0,100.0
2024,Sham Shui Po,44.7,52.2,36.5,23.3,9.5,3.5,12.9,169.7,26.3,30.8,21.5,13.8,5.6,2.0,7.6,100.0
2024,Kowloon City,38.7,45.6,33.1,21.9,9.8,4.9,14.7,154.0,25.1,29.6,21.5,14.2,6.4,3.2,9.6,100.0
2024,Wong Tai Sin,28.1,46.4,39.7,25.0,8.2,2.7,10.9,150.1,18.7,30.9,26.5,16.6,5.5,1.8,7.3,100.0
2024,Kwun Tong,52.9,76.4,60.3,40.4,13.4,5.1,18.6,248.6,21.3,30.7,24.3,16.3,5.4,2.1,7.5,100.0
2024,Kwai Tsing,38.3,52.8,44.2,32.5,9.4,4.7,14.1,182.0,21.0,29.0,24.3,17.9,5.2,2.6,7.8,100.0
2024,Tsuen Wan,22.0,37.5,25.9,17.4,8.0,2.2,10.3,113.0,19.4,33.2,22.9,15.4,7.1,2.0,9.1,100.0
2024,Tuen Mun,41.4,66.3,49.7,31.2,10.7,3.0,13.7,202.2,20.5,32.8,24.6,15.4,5.3,1.5,6.8,100.0
2024,Yuen Long,49.9,72.3,58.6,39.6,14.8,8.1,23.0,243.5,20.5,29.7,24.1,16.3,6.1,3.3,9.4,100.0
2024,North,22.3,42.9,30.9,19.1,7.0,3.0,10.0,125.1,17.8,34.3,24.7,15.3,5.6,2.4,8.0,100.0
2024,Tai Po,23.7,36.6,29.6,18.2,7.8,3.4,11.2,119.3,19.9,30.7,24.8,15.2,6.5,2.9,9.4,100.0
2024,Sha Tin,40.3,83.4,64.7,41.7,15.4,5.6,21.0,251.2,16.1,33.2,25.8,16.6,6.1,2.2,8.4,100.0
2024,Sai Kung,30.1,53.7,42.4,30.5,12.8,5.8,18.6,175.2,17.2,30.6,24.2,17.4,7.3,3.3,10.6,100.0
2024,Islands,17.8,21.9,15.0,12.6,4.3,1.5,5.8,73.1,24.4,29.9,20.5,17.3,5.9,2.1,8.0,100.0
2024,Whole Territory,594.3,852.7,649.0,431.6,166.8,68.8,235.5,2763.1,21.5,30.9,23.5,15.6,6.0,2.5,8.5,100.0
2025,Central and Western,30.2,27.0,16.0,11.3,5.4,2.3,7.6,92.1,32.8,29.3,17.4,12.2,5.8,2.5,8.3,100.0
2025,Wan Chai (3),22.0,19.4,11.9,6.7,3.6,2.1,5.7,65.8,33.5,29.5,18.1,10.3,5.5,3.2,8.7,100.0
2025,Eastern (3),39.8,60.2,44.4,29.9,10.7,3.7,14.3,188.6,21.1,31.9,23.5,15.8,5.6,2.0,7.6,100.0
2025,Southern,14.9,24.7,23.1,13.7,6.6,3.4,10.0,86.3,17.2,28.6,26.7,15.9,7.6,4.0,11.6,100.0
2025,Yau Tsim Mong,45.4,38.1,20.3,13.8,6.2,2.8,8.9,126.5,35.9,30.1,16.0,10.9,4.9,2.2,7.1,100.0
2025,Sham Shui Po,45.4,54.0,34.2,22.9,9.8,3.5,13.3,169.7,26.8,31.8,20.1,13.5,5.8,2.0,7.8,100.0
2025,Kowloon City,41.8,49.3,32.4,22.0,9.9,4.9,14.8,160.3,26.1,30.7,20.2,13.7,6.2,3.1,9.2,100.0
2025,Wong Tai Sin,28.7,47.4,37.8,22.7,9.3,3.2,12.4,149.1,19.3,31.8,25.4,15.2,6.2,2.1,8.3,100.0
2025,Kwun Tong,52.4,78.0,61.3,40.4,13.5,4.4,18.0,250.0,20.9,31.2,24.5,16.1,5.4,1.8,7.2,100.0
2025,Kwai Tsing,34.9,57.1,45.3,29.4,9.8,3.8,13.6,180.3,19.4,31.7,25.1,16.3,5.4,2.1,7.5,100.0
2025,Tsuen Wan,22.8,37.0,25.4,16.8,7.0,2.6,9.6,111.6,20.4,33.1,22.8,15.0,6.2,2.4,8.6,100.0
2025,Tuen Mun,42.2,71.2,50.4,30.0,10.0,3.6,13.5,207.3,20.3,34.3,24.3,14.5,4.8,1.7,6.5,100.0
2025,Yuen Long,52.2,73.7,59.9,38.7,15.5,7.1,22.5,247.1,21.1,29.8,24.2,15.7,6.3,2.9,9.1,100.0
2025,North,24.5,41.2,29.7,19.4,6.3,3.1,9.5,124.3,19.7,33.2,23.9,15.6,5.1,2.5,7.6,100.0
2025,Tai Po,22.5,40.0,28.8,18.7,6.4,3.5,9.9,120.0,18.8,33.4,24.0,15.6,5.3,2.9,8.3,100.0
2025,Sha Tin,38.9,83.7,66.2,39.8,14.6,4.9,19.5,248.2,15.7,33.7,26.7,16.0,5.9,2.0,7.8,100.0
2025,Sai Kung,31.8,54.4,42.2,30.1,13.6,4.8,18.4,176.9,18.0,30.7,23.8,17.0,7.7,2.7,10.4,100.0
2025,Islands,18.6,22.4,15.5,11.6,4.5,1.7,6.1,74.2,25.0,30.2,20.9,15.6,6.0,2.2,8.2,100.0
2025,Whole Territory,609.0,878.7,644.9,417.9,162.4,65.3,227.7,2778.1,21.9,31.6,23.2,15.0,5.8,2.4,8.2,100.0
 ,,,,,,,,,,,,,,,,,
Note(s):,,,,,,,,,,,,,,,,,
Figures are compiled based on the survey results of the General Household Survey (GHS) from January to December of the year concerned as well as the mid-year population estimates and may be regarded as referring to the overall situation of the whole year.,,,,,,,,,,,,,,,,,
The GHS covers the land-based non-institutional population and thus does not cover (a) inmates of institutions; and (b) persons living on board vessels. The land-based non-institutional population constitutes about 99% of the Hong Kong Resident Population.,,,,,,,,,,,,,,,,,
Number of domestic households are rounded to the nearest hundred.,,,,,,,,,,,,,,,,,
Figures may not add up to the total due to rounding.,,,,,,,,,,,,,,,,,
"For annual estimates less than 1 000, they should be interpreted with caution due to relatively large sampling error.",,,,,,,,,,,,,,,,,
"1 Domestic household consists of a group of persons who live together and make common provision for essentials for living. These persons need not be related. If a person makes provision for essentials for living without sharing with other persons, he/she is also regarded as a household. In this case, the household is a one-person household. A domestic household must have at least one member who is a Usual Resident. Households comprising Mobile Residents only are not classified as domestic households.",,,,,,,,,,,,,,,,,
2 Household size refers to the number of household members in a domestic household.,,,,,,,,,,,,,,,,,
"3 The boundaries of the Wan Chai district and Eastern district adopted since 2016 are different from those adopted in 2015 and earlier years. Therefore, figures of the Wan Chai and Eastern districts for 2016 and thereafter are not strictly comparable with those for 2015 and earlier years in this table.",,,,,,,,,,,,,,,,,
 ,,,,,,,,,,,,,,,,,
Source:,,,,,,,,,,,,,,,,,
"General Household SurveySocial Analysis and Research Section,Census and Statistics Department(Enquiry telephone no. : 3863 2791Enquiry e-mail : ghs@censtatd.gov.hk)",,,,,,,,,,,,,,,,,
 ,,,,,,,,,,,,,,,,,
"Release Date: 26 March, 2026",,,,,,,,,,,,,,,,,
