iso3c,iso2c,country,region,income_level,longitude,latitude,population,pop_growth_pct,urban_pop_pct,pop_density,elderly_ratio,youth_ratio,death_rate,life_expectancy,forest_cover_pct,agri_land_pct,land_area_km2,child_mortality,health_expenditure,hospital_beds,gdp_per_capita,gdp_ppp,gini_index,working_age_ratio,dependency_ratio,aging_index,green_score,urbanization_level,development_tier,health_score,livability_index
ABW,AW,Aruba,Latin America & Caribbean,High income,-70.0167,12.5167,107995,0.590657103226071,61.7909396819594,596.438888888889,17.0563223230356,16.8448764869454,7.778,76.5,2.33333333333333,11.1111111111111,180,NA,NA,NA,39498.5941293797,50649.3015232212,NA,66.098801190019,51.2886742265155,101.25525311066585,3.4999999999999947,Urban,Developed,90,48.8995782388139
AFG,AF,Afghanistan,"Middle East, North Africa, Afghanistan & Pakistan",Low income,69.1761,34.5228,42647492,2.83657317243522,25.7007352636188,63.5585008355948,2.400970026561,42.8875055536677,5.702,66.289,1.85278199408184,58.4395075356853,652230,53,59.06770706,0.35,413.757894705303,2201.72290691677,NA,54.7115244197713,82.77684831582327,5.5982972093271375,2.77917299112276,Rural,Least Developed,62.493529411764705,25.955291030454305
AGO,AO,Angola,Sub-Saharan Africa,Lower middle income,13.242,-8.81155,37885849,3.04419972245653,70.6551379036435,29.4777460495709,2.85242119224488,44.3509627519372,6.84,64.805,52.0912696719339,36.9479425683805,1246700,49,76.07118225,0.75,2665.87444776753,10118.6089945408,51.3,52.79661605581792,89.40607840145942,6.43147524936263,78.13690450790085,Urban,Developing,63.62058823529412,49.68906898081816
ALB,AL,Albania,Europe & Central Asia,Upper middle income,19.8172,41.3317,2377128,-1.54314393524594,58.5463634043555,88.1056569343066,16.922756199529,16.8407829528601,8.457,79.776,28.7919708029197,38.1240875912409,27400,9.2,590.62799072,2.9,11377.7757431099,26701.6749563776,29.4,66.2364608476109,50.974250013249204,100.48675436824021,43.187956204379546,Transitional,Emerging,92.3270588235294,53.30054311365859
AND,AD,Andorra,Europe & Central Asia,High income,1.5218,42.5075,81938,1.32930689449906,88.8850044816278,172.034042553191,15.9456903127384,11.8852784134249,6.139,84.188,34.0425531914894,39.8740425531915,470,2.5,3605.19799805,NA,49303.6491674336,74939.4746038578,NA,72.1690312738367,38.56358916688522,134.16337218257422,51.0638297872341,Highly Urban,Developed,98.27235294117648,69.4191848628709
ARE,AE,United Arab Emirates,"Middle East, North Africa, Afghanistan & Pakistan",High income,54.3705,24.4764,10986400,4.68316095317394,85.8171088279791,147.616882568291,1.76696037563358,16.1109795668483,0.972,83.069,4.46775556181357,5.51539988735567,71020,4.8,2401.52026367,1.87,50273.5060469837,79228.738801276,26.4,82.12206005751813,21.769960385748004,10.96742980960307,6.701633342720355,Highly Urban,Developed,96.46411764705883,55.67818887573475
ARG,AR,Argentina,Latin America & Caribbean,Upper middle income,-58.4173,-34.6118,45696159,0.345829819817895,92.2742315972952,16.6399559321662,12.4160041547474,21.6039426858612,7.732,77.543,10.3212951412107,42.4367915620695,2736690,9.5,1456.98596191,3.36,13969.7836603737,30431.1931223693,42.4,65.9800531593914,51.56095700381578,57.47101043215187,15.48194271181605,Highly Urban,Emerging,90.86352941176472,45.18092967636281
ARM,AM,Armenia,Europe & Central Asia,Upper middle income,44.509,40.1596,3033500,2.30761515133256,65.8113671449901,105.119108748259,13.7027691969357,19.2370774424519,8.4,78.319512195122,11.6183158247114,58.5933621376878,28199.44,9.6,766.95874023,4.24,8556.21406956719,22823.1795255693,27.4,67.06015336061239,49.11984984921721,71.23103412110186,17.4274737370671,Urban,Emerging,91.27030129124824,44.30322685848959
ASM,AS,American Samoa,East Asia & Pacific,High income,-170.691,-14.2846,46765,-1.60366587175019,80.9446986961818,237.605,8.04447770768737,27.0084464877579,7.293,72.992,85.2,14.8,200,NA,NA,NA,18017.4589383973,NA,NA,64.94707580455471,53.9715202897357,29.785044139186923,100,Highly Urban,Developed,85.87294117647059,69.75441415210743
ATG,AG,Antigua and Barbuda,Latin America & Caribbean,High income,-61.8456,17.1175,93772,0.487472101887911,24.3906919254799,212.081818181818,11.7844974219246,17.7996512799731,7.028,77.766,18.0134090909091,20.4545454545455,440,9.1,841.24884033,3.42,23542.4526945578,33386.1917127894,NA,70.4158512981023,42.013478721793135,66.20633874543192,27.02011363636365,Rural,Developed,91.19470588235295,51.646652252217606
AUS,AU,Australia,East Asia & Pacific,High income,149.129,-35.282,27196812,1.99383715356028,87.6021469990446,3.46591948538875,17.7300159228367,17.8418482544494,6.884,83.0512195121951,17.4213145571644,47.2234443228177,7692020,3.6,6980.38525391,3.82,64603.9856308464,72111.1844628126,33.8,64.4281358227139,55.2116924120989,99.37320209197043,26.1319718357466,Highly Urban,Developed,97.05365853658535,66.04225065461203
AUT,AT,Austria,Europe & Central Asia,High income,16.3798,48.2201,9177982,0.504879813795986,69.4658181096788,110.661185167232,20.6064031791903,14.2280024817963,9.6,81.9951219512195,47.2402653902084,31.4743456131847,82520,3.3,6739.30908203,6.7,58268.8787651601,73911.439663136,31.2,65.16559433901341,53.45521055139353,144.8299099297649,70.8603980853126,Urban,Developed,96.58242467718794,77.37175292601698
AZE,AZ,Azerbaijan,Europe & Central Asia,Upper middle income,49.8932,40.3834,10202830,0.480155257252915,58.573795837717,122.854906231095,8.5557671289167,21.8116344602457,5.8,74.576,14.1119540229885,57.8294010889292,82650,17.9,299.81060791,3.68,7283.8499076179,25088.9993757134,NA,69.6325984108376,43.61089817443323,39.22570380734467,21.167931034482752,Transitional,Emerging,84.91823529411764,42.50282840027725
BDI,BI,Burundi,Sub-Saharan Africa,Low income,29.3639,-3.3784,14047786,2.5839340108674,24.8302838651025,533.078271028037,2.53180465590806,44.698901307295,6.67,63.818,10.8894080996885,83.8865576323987,25680,47.1,28.14028931,NA,219.424830882698,1194.94681370387,37.5,52.769294036796936,89.50414597221688,5.664131738949166,16.33411214953275,Rural,Least Developed,63.989999999999995,30.562061094124633
BEL,BE,Belgium,Europe & Central Asia,High income,4.36761,50.8371,11858610,0.66555918543206,87.6126557010527,386.303731881682,20.5580809256443,15.9961268493057,9.5,82.3,22.604446776415,44.3792221420607,30494,3.7,5931.01464844,5.42,56614.5679499036,73514.4831045258,26.8,63.44579222505,57.61486537245488,128.51911665439567,33.9066701646225,Highly Urban,Developed,96.56176470588235,65.78107731671076
BEN,BJ,Benin,Sub-Saharan Africa,Lower middle income,2.6323,6.4779,14462724,2.46175361912328,52.5455354818423,125.142195814118,3.11814703786092,41.5524903883943,8.71,60.961,26.4734835047889,41.8300133025896,112760,74.7,46.52822113,0.43,1485.38018885134,4434.5642184028,34.4,55.32936257374478,80.73586130098053,7.504115899469229,39.710225257183346,Transitional,Developing,48.50941176470588,31.762446339692758
BFA,BF,Burkina Faso,Sub-Saharan Africa,Low income,-1.53395,12.3605,23548781,2.24597728439097,28.3352514896662,84.1585380116959,2.65177208111112,41.8020300074131,7.915,61.292,22.172514619883,53.4020054824561,273600,74.9,71.73455048,0.2,981.992649769081,2895.89152033665,37.4,55.54619791147578,80.03032387449892,6.343644269526765,33.2587719298245,Rural,Least Developed,48.604117647058814,29.7138764327016
BGD,BD,Bangladesh,South Asia,Lower middle income,90.4113,23.7055,173562364,1.21462115417186,32.6783196323307,1319.17979689183,6.49846299627493,27.9889305379593,5.105,74.93,14.4899215263887,72.311124788429,129980,30.5,53.46432495,0.92,2593.41611680774,9646.76984383255,30.9,65.51260646576577,52.64237739076363,23.21797536158643,21.73488228958305,Rural,Developing,78.82647058823531,38.829077757211365
BGR,BG,Bulgaria,Europe & Central Asia,High income,23.3238,42.7105,6441421,-0.0803071609561488,73.9499356882481,59.3827929255711,22.0303362606903,14.4744612007493,15.6,75.7609756097561,36.2196020633751,46.0850221075903,108560,5.7,1257.87597656,8.2,17596.017366352102,41969.4515718999,39.5,63.49520253856039,57.4922135877437,152.20142535979065,54.329403095062645,Urban,Developed,91.71527977044477,58.26373804660233
BHR,BH,Bahrain,"Middle East, North Africa, Afghanistan & Pakistan",High income,50.5354,26.1921,1588670,0.733546811160036,100,1971.32375,3.85339957070368,18.7167655487684,2.21,81.423,0.95,10.125,800,8.8,1175.81628418,1.84,29653.5682731534,66941.2430367989,NA,77.42983488052792,29.149184102351782,20.587956613888565,1.4249999999999998,Highly Urban,Developed,93.49588235294118,46.7219234231225
BHS,BS,"Bahamas, The",Latin America & Caribbean,High income,-77.339,25.0661,401283,0.460334786075668,81.3249262966481,39.9040959040959,11.7758539484603,17.9127947109646,8.77,74.71,50.9350649350649,1.2987012987013,10010,12.4,2262.33447266,2.17,39455.4466548546,41197.9342548477,NA,70.3113513405751,42.22454567203325,65.73990345153781,76.40259740259735,Highly Urban,Developed,87.7470588235294,69.85623674664734
BIH,BA,Bosnia and Herzegovina,Europe & Central Asia,Upper middle income,18.4214,43.8607,3164253,-0.655819991673837,52.1224302754935,62.20845703125,22.2302388589029,13.0378165083513,13.522,78.044,42.7326171875,21.73828125,51200,6.9,772.88568115,2.35,9358.78768951134,25043.0886396127,30.3,64.7319446327458,54.48323168312981,170.50584232922319,64.09892578124999,Transitional,Emerging,92.45823529411766,59.02060815887546
BLR,BY,Belarus,Europe & Central Asia,Upper middle income,27.5766,53.9678,9132629,-0.49881794290787,79.1551015210848,45.217077292187,17.6665640538227,16.2972291440499,13.136,74.3653414634147,43.4080686559958,39.5796692333841,202983,2.3,558.22644043,9.77,8317.6339991379191,33010.3307605357,24.4,66.0362068021274,51.432077707980106,108.40225597657958,65.1121029839937,Urban,Emerging,92.59431850789099,59.06664849809588
BLZ,BZ,Belize,Latin America & Caribbean,Upper middle income,-88.7713,17.2534,417072,1.44077799785791,41.7532107338224,18.0230600613766,5.02383883818482,26.5784164106154,4.96,73.739,54.5186321788689,7.97895659798334,22810,12.7,309.40835571,1,7681.24400583113,14346.5188049737,39.9,68.39774475119978,46.20365095918733,18.901949463694542,81.77794826830335,Transitional,Emerging,87.02588235294118,61.64811062341683
BMU,BM,Bermuda,North America,High income,-64.706,32.3293,64636,-0.0958758017988935,100,1198.11111111111,21.7439063068081,13.6068629953664,9.004,82.49,18.5185185185185,5.55555555555556,54,NA,NA,NA,142855.374713782,124252.835702586,NA,64.6492306978255,54.68088161389913,159.80102330869826,27.77777777777775,Highly Urban,Developed,97.04705882352941,77.15215686274509
BOL,BO,Bolivia,Latin America & Caribbean,Lower middle income,-66.1936,-13.9908,12413315,1.37206798819615,71.2361453773988,11.3026483891812,5.64147449734418,29.7865638630777,7.172,68.739,46.3457431920982,35.8307014677375,1083300,15.7,255.04104614,1.49,4421.16609889999,12877.6351184372,40.9,64.57196163957812,54.86597814415314,18.939661933738986,69.51861478814729,Urban,Developing,82.58470588235295,55.21581661905536
BRA,BR,Brazil,Latin America & Caribbean,Upper middle income,-47.9292,-15.7801,211998573,0.405467027627251,87.8958549533146,25.2616884857157,11.0491844889702,19.6651396335929,7.068,76.023,58.9818729765235,28.3267329812614,8358140,14.2,1009.83563232,2.52,10310.5488778166,22338.4765640635,50.3,69.2856758774369,44.329976916001065,56.18665666678243,88.47280946478524,Highly Urban,Emerging,87.61941176470589,64.68277220866291
BRB,BB,Barbados,Latin America & Caribbean,High income,-59.6105,13.0935,282467,0.0463878564204179,59.5397032429174,656.595348837209,16.5502225919796,17.2412755449742,10.23,76.332,14.6511627906977,23.2558139534884,430,9.8,1286.47680664,6.4,26544.8707282621,24822.5343309908,34.1,66.2085018630462,51.038004464822805,95.99186875012829,21.976744186046552,Transitional,Developed,90.00117647058823,50.55695506252789
BRN,BN,Brunei Darussalam,East Asia & Pacific,High income,114.946,4.94199,462721,0.81851878860359,74.8983133873697,87.0870967741936,6.8678459937565,20.825269627627,5.335,75.501,72.1062618595825,2.5426944971537,5270,9.9,733.00543213,3.58,33153.4738913513,89879.3614980758,NA,72.3068843786165,38.29941762720073,32.97842532922383,100,Urban,Developed,89.46235294117648,75.73098334387598
BTN,BT,Bhutan,South Asia,Lower middle income,89.6177,27.5768,791524,0.651370664586926,42.5645249803412,20.6183796539067,6.49423991297806,20.9093969927652,6.065,73.262,71.60513896172,13.8175144205558,38140,17.2,162.19680786,2.16,3831.32535494609,16215.1520073153,28.5,72.59636309425674,37.74794733196658,31.058953614133937,100,Transitional,Developing,84.49529411764706,64.94751525354265
BWA,BW,Botswana,Sub-Saharan Africa,Upper middle income,25.9201,-24.6544,2521139,1.63538411022867,67.4623537838418,4.37641204806522,4.03589409389962,32.1296445773121,5.738,69.293,26.2908263194114,45.63372328975,566730,33.3,489.59677124,2.36,7695.75319445165,20538.1320178889,54.9,63.83446132878829,56.65519520081179,12.561278367671427,39.436239479117106,Urban,Emerging,74.11058823529413,43.783833096188275
CAF,CF,Central African Republic,Sub-Saharan Africa,Low income,21.6407,5.63056,5330690,3.40139844069992,44.1243555638904,8.27060419275097,2.15107257700903,49.0033606346796,9.379,57.671,35.6560403223217,9.09948955022633,622980,89.7,53.81136703,NA,516.160999996036,1263.10234213699,43,48.845566788311366,104.72686996014093,4.38964297376519,53.48406048348255,Transitional,Least Developed,39.07411764705882,31.829713503867104
CAN,CA,Canada,North America,High income,-75.6919,45.4215,41288599,2.96220294420494,82.7002565766633,4.56079784268436,19.7995907648324,15.1113205709867,7.9,82.1080487804878,39.4617117321106,6.47137801950231,8788700,5.4,6377.96875,2.54,54340.3477224733,64610.3795171971,31.5,65.08908866418089,53.635581711610115,131.02488741352653,59.1925675981659,Highly Urban,Developed,95.59885222381635,72.2994154857183
CHE,CH,Switzerland,Europe & Central Asia,High income,7.44821,46.948,9005582,1.30500749907811,85.4615370020764,224.978619136651,20.0190518226838,14.9508108120831,8,84.4073170731707,32.3827380818297,37.7938948048868,39509.63,3.9,11783.66992188,4.38,103998.186685604,96497.6947971323,33.8,65.0301373652331,53.77485586161893,133.8994391294457,48.57410712274455,Highly Urban,Developed,97.70136298421806,83.65277733051059
CHL,CL,Chile,Latin America & Caribbean,High income,-70.6475,-33.475,19764771,0.537425495656651,88.9950908479196,26.4647249005172,14.1350862568788,16.9661637626319,6.58,81.359,25.0116461113584,14.4010249751882,742831.64,6.8,1759.70605469,1.94,16709.8893972307,36181.156616977,43,68.8987499804893,45.140514201372206,83.3133904319103,37.517469167037596,Highly Urban,Developed,94.45823529411764,54.051501686927544
CHN,CN,China,East Asia & Pacific,Upper middle income,116.286,40.0495,1408975000,-0.123063407363995,65.8946980998325,150.264001337848,14.665268836569,16.0078123326803,7.76,78.017,24.031938995825598,55.4326117545304,9388210,5.7,763.37762451,5.63,13303.1481543868,27104.8702677463,36,69.3269188307507,44.24411424389444,91.61319817967589,36.0479084937384,Urban,Emerging,93.04235294117646,52.022258170908145
CIV,CI,Cote d'Ivoire,Sub-Saharan Africa,Lower middle income,-4.0305,5.332,31934230,2.4361820126383402,53.9733113940142,98.0052012578616,2.60896849556103,40.8713596664144,7.607,62.11,7.85551603773585,86.4758163522013,318000,64.5,87.68105316,NA,2727.8935220697,7669.23195715687,35.3,56.51967183802457,76.92954815198219,6.383366046187404,11.783274056603775,Transitional,Developing,54.28529411764706,26.067467920660867
CMR,CM,Cameroon,Sub-Saharan Africa,Lower middle income,11.5174,3.8721,29123744,2.61268294319567,55.4031748609078,60.0213386642973,2.79479868376124,41.4422273702555,7.032,63.968,42.6741130925938,20.9365149880476,472710,64.8,79.09996796,2.65,1830.00833684727,5588.98645861945,42.2,55.762973945983255,79.33046414789226,6.743842841244489,64.01116963889069,Transitional,Developing,55.22823529411765,41.84364751036845
COD,CD,"Congo, Dem. Rep.",Sub-Saharan Africa,Low income,15.3222,-4.325,109276265,3.24257627586721,44.7455804408753,46.6640484329856,3.07557777105384,46.0329708653246,8.424,62.074,54.1898572594341,15.480763018019,2267050,89.7,23.43148804,NA,649.383338556725,1821.04868718058,44.7,50.891451363621556,96.49665576541686,6.681249793874568,81.28478588915115,Transitional,Least Developed,41.66411764705882,41.24589782713589
COG,CG,"Congo, Rep.",Sub-Saharan Africa,Lower middle income,15.2662,-4.2767,6332961,2.39829082784283,63.8866111699904,18.1050805270864,2.98559394254915,40.4457962081244,6.241,66.001,64.1317715959004,31.1900439238653,341500,39.1,75.55332184,NA,2482.2489948456,7026.36223281494,NA,56.56860984932646,76.7764848143792,7.381716327664802,96.1976573938506,Urban,Developing,69.27411764705883,57.31361897543239
COL,CO,Colombia,Latin America & Caribbean,Upper middle income,-74.082,4.60987,52886363,1.07447920962035,78.5210811866115,47.1574150518251,9.77843560750778,20.2721132452225,5.466,77.913,52.7661596214511,36.4876070301938,1109500,11.5,644.30908203,1.7,7919.20886825345,22349.436440123,54.4,69.94945114726973,42.96037833014965,48.23589671793221,79.14923943217666,Urban,Emerging,90.08117647058823,62.15300507836432
COM,KM,Comoros,Sub-Saharan Africa,Lower middle income,43.2418,-11.6986,866628,1.89182789744612,33.5392215673301,456.951638903815,4.47216106564754,37.1214061858144,7.123,67.023,16.9801182160129,71.4669532509404,1861,39,102.23101807,NA,1662.75663312504,3958.53228789687,30.3,58.40643274853806,71.21401752190224,12.047391317187047,25.470177324019353,Rural,Developing,69.92529411764706,36.10999783420214
CPV,CV,Cabo Verde,Sub-Saharan Africa,Upper middle income,-23.5087,14.9218,524877,0.486246288487151,76.7721471004354,129.610669975186,6.85817820175012,25.5473187051443,5.096,76.224,11.5682382133995,19.6029776674938,4030,11.1,290.12619019,2.21,5192.48157325878,11195.1205312923,42.4,67.59450309310557,47.94102393542069,26.84500193896721,17.35235732009925,Urban,Emerging,89.28764705882354,42.47851049153683
CRI,CR,Costa Rica,Latin America & Caribbean,High income,-84.0089,9.63701,5129910,0.476482848761595,79.3107672397967,99.9906972189581,12.2251559968888,18.7992771803014,5.566,80.996,60.3991382687035,33.1439992166079,51060,10.4,1163.30224609,1.14,18587.1532203482,31106.7643556729,45.8,68.9755668228098,44.97887383352479,65.02992577660798,90.59870740305526,Urban,Developed,92.44470588235293,69.73364053996221
CUB,CU,Cuba,Latin America & Caribbean,Upper middle income,-82.3667,23.1333,10979783,-0.364986968189241,77.1664929228275,106.165038535645,16.5690797350002,15.2939497984614,10.375,78.264,31.233140655106,61.6666666666667,103800,8.6,1199.35327148,4.33,9605.27914559614,NA,NA,68.1369704665384,46.76320258340414,108.33747954806994,46.849710982659,Urban,Emerging,91.73764705882354,53.63155586200595
CYM,KY,Cayman Islands,Latin America & Caribbean,High income,-81.3857,19.3022,74457,1.92419238887509,100,304.325,8.99775039452036,16.1877581170466,4.863,80.54,52.4720833333333,11.25,240,NA,NA,NA,99143.5180243123,88427.7866712691,NA,74.81449148843305,33.66394399066503,55.583672114826285,78.70812499999995,Highly Urban,Developed,94.7529411764706,91.25666937788192
CYP,CY,Cyprus,Europe & Central Asia,High income,33.3736,35.1676,1358282,0.984449687113221,66.6824259192483,145.560173160173,14.616184268068,16.0721779424302,7.016,81.821,18.6655844155844,13.9606385281385,9240,5,2899.36499023,2.15,38674.29296875,63006.61328125,31.8,69.3116377895018,44.275915544945285,90.94090620712699,27.9983766233766,Urban,Developed,95.63,58.253800877637985
CZE,CZ,Czechia,Europe & Central Asia,High income,14.4205,50.0878,10905028,0.376553049157494,72.7947984592185,140.785547662605,20.8453836809891,15.397296108304,10.3,79.9780487804878,34.7623883740408,45.8019594048309,77167.31,2.6,2692.76416016,6.54,31823.3078290564,57285.4237001379,25.7,63.7573202107069,56.84473511357962,135.38340455599126,52.14358256106121,Urban,Developed,95.74591104734576,63.48843153597359
DEU,DE,Germany,Europe & Central Asia,High income,13.4115,52.5235,83516593,0.274957829184881,82.0211432579125,238.351810090719,23.1955871731941,13.9101604189277,12.1,80.7926829268293,32.6789342643734,47.4658729931603,349430,3.7,6849.26367188,7.55,56103.7323182554,73551.9347696836,33.7,62.8942524078782,58.99704054272835,166.75283731186607,49.01840139656011,Highly Urban,Developed,95.67510760401723,69.80668315605155
DJI,DJ,Djibouti,"Middle East, North Africa, Afghanistan & Pakistan",Lower middle income,43.1425,11.5806,1168722,1.3592172957681,72.9052635052978,49.7387402933563,4.85081139911801,29.1700678176675,7.487,66.202,0.260724762726488,73.5073339085419,23180,48.9,77.57087708,1.4,3552.72335079222,7810.27869066792,41.6,65.97912078321448,51.56309876963478,16.629414197590613,0.391087144089732,Urban,Developing,64.49235294117646,26.98008432493517
DMA,DM,Dominica,Latin America & Caribbean,Upper middle income,-61.39,15.2976,66205,-0.459632350460969,73.5449839980866,88.68,12.9559700928933,17.8732724114493,12.623,71.294,63.8266666666667,33.3333333333333,750,35.7,492.4524231,3.97,10405.2787777582,21300.6848698089,NA,69.1707574956574,44.569762744434435,72.48795740725093,95.74000000000005,Urban,Emerging,74.08764705882353,61.47864245685689
DNK,DK,Denmark,Europe & Central Asia,High income,12.5681,55.6763,5976992,0.503861198167737,88.6960552688405,148.6738,20.8660704666167,15.6963833177301,9.5,82.2536585365854,15.7815,65.525,40000,4,6745.06152344,2.43,71026.4832271897,81878.2349849181,29.9,63.43754621565319,57.635353139376356,132.93553071583756,23.67225,Highly Urban,Developed,96.38450502152082,66.96342197676523
DOM,DO,Dominican Republic,Latin America & Caribbean,Upper middle income,-69.8908,18.479,11427557,0.846199988604412,72.4121874752151,235.098143035751,7.87947502690208,26.5786510625149,6.249,73.868,44.9887775472934,55.3530808941944,48198.02,30.6,488.8727417,0.75,10875.6618443092,27541.6625283384,39,65.541873910583,52.57421558685865,29.645880102677097,67.4831663209401,Urban,Emerging,78.15176470588236,54.76835433192773
DZA,DZ,Algeria,"Middle East, North Africa, Afghanistan & Pakistan",Upper middle income,3.05097,36.7397,46814308,1.39838651912702,75.2792907190618,19.3825602290762,6.58221207266603,30.3290046531181,4.618,76.475,0.830314224054683,17.359031632336,2381740,21.6,233.37947083,1.61,5752.99076651465,17620.7423956126,NA,63.08878327421587,58.506781729090015,21.70269729570343,1.2454713360820246,Urban,Emerging,84.18529411764706,35.77365627783784
ECU,EC,Ecuador,Latin America & Caribbean,Upper middle income,-78.5243,-0.229498,18135478,0.860548498593581,63.2376932397602,72.3952448059269,8.3439986622905309,24.4558490395414,5.207,77.579,49.5450958286359,21.5413110001611,248360,12.9,509.49414063,1.32,6874.705739766,15840.2668567412,45.2,67.20015229816806,48.80918655704606,34.118621883867334,74.31764374295385,Urban,Emerging,89.18470588235294,60.03158719775713
EGY,EG,"Egypt, Arab Rep.","Middle East, North Africa, Afghanistan & Pakistan",Lower middle income,31.2461,30.0982,116538258,1.73324205302065,42.8004363938404,115.059291777588,5.11629539338187,31.9946550599489,5.506,71.806,0.0451855944547692,4.07654829474107,995450,22.4,141.41111755,1.06,3338.47371395895,19094.1449444111,28.5,62.88904954666923,59.010194494657085,15.991094086794764,0.0677783916821538,Transitional,Developing,81.03882352941176,33.437405043457034
ERI,ER,Eritrea,Sub-Saharan Africa,Low income,38.9183,15.3315,3535603,1.86168851424672,34.5365524291992,28.638732049164,4.20287571879535,38.1370165145804,5.995,68.893,8.63010013352237,62.6515330315189,121178.2,34.3,28.29782677,1.02,NA,NA,NA,57.66010776662424,73.43013024662368,11.020462802035189,12.945150200283557,Rural,Least Developed,73.37529411764706,NA
ESP,ES,Spain,Europe & Central Asia,High income,-3.70327,40.4167,48848840,1.02121260938381,80.315199821207,96.7636173412149,21.1454438932121,12.9217448695747,8.9,83.8878048780488,37.1925889548355,49.5753269878931,499697.4,3.2,3106.62011719,2.91,35326.7683069278,57965.2948138837,33.4,65.9328112372132,51.669552872878114,163.64232622330107,55.78888343225325,Highly Urban,Developed,97.74576757532282,66.43300255188345
EST,EE,Estonia,Europe & Central Asia,High income,24.7586,59.4392,1372341,0.149856351926424,70.6981161541961,32.0684764802247,21.2973321004949,15.6376190147191,11.5,79.2951219512195,57.0652937046572,23.1219283875497,42730,2,2437.83764648,4.13,31428.3547816104,49968.7108278373,30.7,63.065048884786,58.56643540020199,136.1929337225093,85.5979405569858,Urban,Developed,95.6441893830703,73.36556435480698
ETH,ET,Ethiopia,Sub-Saharan Africa,Not classified,38.7468,9.02274,132059767,2.58350411214521,23.6222839355469,114.037952012,3.22998448410868,39.059915806682,5.879,67.603,14.9308975782695,34.0779564851996,1128498.8,44.5,34.79846954,0.33,1133.88279681719,3287.53492158893,31.1,57.71009970920932,73.2798946872069,8.26930733823068,22.39634636740425,Rural,Unknown,67.5164705882353,34.06565698456055
FIN,FI,Finland,Europe & Central Asia,High income,24.9525,60.1608,5619911,0.642640054363343,74.2637190463636,18.3705454665088,23.8972369428395,14.6331861128204,10.4,82.3365853658537,73.7235162521384,7.44176865377023,303960,2.4,5515.40478516,2.61,53149.7671934051,65378.3841859721,27.4,61.469576944340105,62.682102221963696,163.3085013652816,100,Urban,Developed,97.2332855093257,84.83824436175182
FJI,FJ,Fiji,East Asia & Pacific,Upper middle income,178.399,-18.1149,928784,0.500721796949901,59.0766602292457,50.5826491516147,6.48697651983669,27.0932746472807,9.511,67.463,63.4953475643131,17.0552818828681,18270,29.1,212.88697815,1.89,6425.74151715712,15450.2993265388,30.7,66.41974883288262,50.55763045959113,23.943124647310864,95.24302134646965,Transitional,Emerging,75.13411764705882,60.55427591791156
FRA,FR,France,Europe & Central Asia,High income,2.35097,48.8566,68551653,0.261995241898747,78.7999750964116,126.862020595603,22.1465618989138,16.5051210259256,9.4,82.9804878048781,32.4764820484275,52.5043974394656,538950,4.3,5327.43359375,5.65,46103.0840855884,62556.91810454,31.8,61.348317075160594,63.00365644502599,134.1799424804389,48.71472307264125,Urban,Developed,96.66205164992829,67.1101628074402
FRO,FO,Faroe Islands,Europe & Central Asia,High income,-6.91181,61.8926,54681,0.489482621742025,39.4132325882965,39.7182481751825,17.7375247069017,19.9658841686297,8.203,83.0832463414634,0.0583941605839416,70.1240875912409,1370,NA,NA,NA,74119.6607553879,81908.7781785018,NA,62.296591124468605,60.522426981919395,88.83916463249251,0.0875912408759124,Rural,Developed,97.7449956958393,61.36017387721487
FSM,FM,"Micronesia, Fed. Sts.",East Asia & Pacific,Lower middle income,158.185,6.91771,113160,0.469463637376133,22.4562830235421,160.9,5.94951418560363,31.8481272175362,7.712,67.357,92.1571428571429,7.14285714285714,700,22.4,507.7762146,NA,4166.00476748564,4346.84249671875,NA,62.202358596860165,60.76560801835538,18.680891799275756,100,Rural,Developing,78.42176470588235,62.61850731259863
GAB,GA,Gabon,Sub-Saharan Africa,Upper middle income,9.45162,0.38832,2538952,2.15636509762581,91.8632094677575,9.64329956921644,4.08255139966242,36.4845488383689,6.226,68.511,91.1823650405558,8.35656459812939,257670,32.6,252.98246765,NA,8230.04311451151,21510.1725307344,38,59.43289976196868,68.2569761874388,11.189809192238148,100,Highly Urban,Emerging,74.00058823529412,62.0692482284711
GBR,GB,United Kingdom,Europe & Central Asia,High income,-0.126236,51.5002,69226000,1.0659564474212,83.2429544416085,283.106683751498,19.4997673608515,17.1850467046133,9.701,81.3868536585366,13.2907130161617,70.3073227793163,241930,4.7,5860.23925781,2.42,53246.3676145108,62009.4907765366,32.4,63.315185934535194,57.93999263209162,113.46938821886832,19.936069524242548,Highly Urban,Developed,95.52461979913917,60.16457906128167
GEO,GE,Georgia,Europe & Central Asia,Upper middle income,44.793,41.71,3699557,-0.429560042538271,61.0789605093733,65.0037265124742,15.6376865642243,20.7987693261233,11.836,74.657,40.6159159591308,34.1329687724852,69490,8.6,554.3248291,4.04,9241.49122313713,28285.0732802982,33.9,63.563544109652405,57.322882795036854,75.18563391432652,60.923873938696204,Urban,Emerging,89.61588235294118,56.89596248972647
GHA,GH,Ghana,Sub-Saharan Africa,Lower middle income,-0.20795,5.57045,34427414,1.87500010333119,58.3654868038581,148.49676310689,3.70833260535242,35.8181308043952,7.009,65.695,35.1921958573042,55.393019913595,227533,35.9,70.25730896,0.69,2390.77237652715,8019.99702389611,43.5,60.47353659025237,65.36158729654787,10.353227603092495,52.7882937859563,Transitional,Developing,70.69411764705882,44.831366907568565
GIN,GN,Guinea,Sub-Saharan Africa,Lower middle income,-13.7,9.51667,14754785,2.39595802290484,38.0713036688655,58.6255412664822,3.45511630785822,40.9011571194986,9.028,60.904,24.6988442129253,73.2292487384014,245720,92.1,59.33010101,NA,1694.95375862193,4565.3007888456,29.6,55.64372657264318,79.71477857337514,8.447478142888725,37.04826631938795,Rural,Developing,39.77588235294118,27.533318964579436
GMB,GM,"Gambia, The",Sub-Saharan Africa,Low income,-16.5885,13.4495,2759988,2.27730257212036,64.2994103409645,266.5854743083,3.07823857897907,40.247990253579,6.249,66.057,22.2792391304348,62.6482213438735,10120,42.4,25.74407768,1.11,871.340291776294,3475.61245701341,38.8,56.673771167441934,76.44846626590504,7.648179597502615,33.4188586956522,Urban,Least Developed,67.65705882352941,37.34988322564031
GNB,GW,Guinea-Bissau,Sub-Saharan Africa,Low income,-15.1804,11.8037,2201352,2.20520563612008,46.113204421822,76.5767780938834,3.191856640828,38.7859142926711,7.009,64.254,69.5124466571835,29.8908428165007,28120,67.3,82.13543701,NA,1007.74151728028,3119.37157047437,33.4,58.02222906650089,72.34773914905477,8.229422198849973,100,Transitional,Least Developed,54.1464705882353,51.9609106904782
GNQ,GQ,Equatorial Guinea,Sub-Saharan Africa,Upper middle income,8.7741,3.7523,1892516,2.40472649031131,71.3574028749806,65.8662745098039,3.68789387041011,37.2854609193632,7.851,63.906,86.3935828877005,3.73333333333333,28050,68,233.68379211,NA,6745.40013244916,17566.7600284073,38.5,59.02664521022669,69.41501527631195,9.890970312492238,100,Urban,Emerging,53.591764705882355,53.46032592208769
GRC,GR,Greece,Europe & Central Asia,High income,23.7166,37.9792,10405134,-0.0213045199396999,78.9967856500534,80.7397284716835,23.939763430194,13.2194094109899,12.1,81.8390243902439,30.2699767261443,41.6760178432894,128900,3.8,1962.59594727,4.27,24626.1481858973,44327.2097808276,33.4,62.8408271588161,59.132214710147636,181.09555946040808,45.40496508921645,Urban,Developed,96.24060258249642,59.50557501553269
GRD,GD,Grenada,Latin America & Caribbean,Upper middle income,-61.7449,12.0653,117207,0.107559936614412,36.5628000454229,344.355882352941,12.2394044749696,19.4411620416782,8.918,75.367,52.0588235294118,23.5294117647059,340,18,526.3918457,3.01,11705.0902976658,20177.8094927386,43.8,68.3194334833522,46.3712371449444,62.95613630877936,78.0882352941177,Rural,Emerging,85.33352941176472,61.071409442240935
GRL,GL,Greenland,Europe & Central Asia,High income,-51.7214,64.1836,56836,-0.0510109860579076,88.3195347935238,0.138543062492386,10.8086569543065,20.8033739557124,9.3,70.2734146341463,5.35997076379583e-4,0.592301132902911,410450,NA,NA,NA,58498.9707973609,78840.5978395988,NA,68.3879690899811,46.22454991816695,51.956269099986784,8.039956145693744e-4,Highly Urban,Developed,82.67460545193683,50.61977461866737
GTM,GT,Guatemala,Latin America & Caribbean,Upper middle income,-90.5328,14.6248,18406359,1.54129399660934,55.9547027274763,169.138092571855,4.84933494994855,31.5771277741567,4.86,72.746,32.5961179544606,43.0384471817842,107160,20.5,392.01223755,0.45,6150.02571438505,14368.6605681815,45.2,63.57353727589474,57.29815310735764,15.35711222575897,48.89417693169091,Transitional,Emerging,82.54176470588234,49.529966676175725
GUM,GU,Guam,East Asia & Pacific,High income,144.794,13.4443,167777,0.760437189316384,94.1726346571831,308.344444444444,12.6021445132527,25.9830012457011,6.92,77.422,51.8518518518518,29.6296296296296,540,NA,NA,NA,41833.1517132825,NA,NA,61.4148542410462,62.82705745341601,48.50149678277728,77.7777777777777,Highly Urban,Developed,91.08470588235294,72.31716120025924
GUY,GY,Guyana,Latin America & Caribbean,High income,-58.1548,6.80461,831087,0.571243951310838,26.477717988557,3.91376811594203,6.73491868776595,29.1605627091765,7.477,70.319,87.0878369802027,3.41005967604433,211140,25.2,505.03240967,3.24,29675.2443873316,80155.03939277,NA,64.10451860305754,55.99524367262057,23.09598328034509,100,Rural,Developed,78.76411764705882,70.408220375023
HKG,HK,"Hong Kong SAR, China",East Asia & Pacific,High income,114.109,22.3964,7524100,-0.159360467186035,100,7177.2380952381,22.6671478593232,10.5078221116522,7,85.3926829268293,NA,3.80952380952381,1050,NA,NA,NA,54074.6928519479,75195.9865970615,NA,66.8250300290246,49.64452684355887,215.7168975499446,NA,Highly Urban,Developed,100.4619799139168,NA
HND,HN,Honduras,Latin America & Caribbean,Lower middle income,-87.4667,15.1333,10825703,1.68469129774697,58.7850728104829,95.1367503798373,4.41772213694935,30.6212062800353,4.519,73.044,56.2732147645008,31.9599606756636,111890,15,249.15301514,0.53,3426.43483328923,7486.01869616445,45.7,64.96107158301535,53.93834732576346,14.427002308624456,84.4098221467512,Transitional,Developing,85.46705882352941,60.537700623423895
HRV,HR,Croatia,Europe & Central Asia,High income,15.9614,45.8069,3866200,0.168627948783285,57.5158981711443,68.9722301644031,23.1877713482095,13.9232064407501,13.2,78.9292682926829,34.785739814153,26.554681915654,55960,5.6,1548.33959961,5.6,24050.4397933135,49550.7921506017,30.1,62.889022211040405,59.010263610752446,166.54045493676009,52.17860972122949,Transitional,Developed,93.628981348637,60.3203073938177
HTI,HT,Haiti,Latin America & Caribbean,Lower middle income,-72.3288,18.5392,11772557,1.15472671204546,55.0372652481002,422.256821480406,4.70521824612954,31.1886406665943,7.804,65.119,12.2630624092888,65.1306240928882,27560,52.8,54.4146843,4.9,2142.62330526788,3193.67136419915,NA,64.10614108727617,55.99129553572221,15.086320357556431,18.3945936139332,Transitional,Developing,61.90529411764706,30.923282722819152
HUN,HU,Hungary,Europe & Central Asia,High income,19.0408,47.4984,9562065,-0.314510077464087,70.491825943218,105.108327854482,20.9931972318078,14.4013810473594,13.4,76.7243902439025,22.4484341442034,55.6985097523559,91260,3.7,1419.87475586,6.63,23292.3263882478,48552.4708092529,30.6,64.6054217208328,54.78577081674524,145.77211145772065,33.6726512163051,Urban,Developed,93.28199426111911,54.402290985813515
IDN,ID,Indonesia,East Asia & Pacific,Upper middle income,106.83,-6.19752,283487931,0.813871513351669,58.7509635387997,148.57692229227,7.28860130431549,24.5977969421876,7.624,71.288,47.7220336902463,29.1258057551148,1892555.47,17.7,131.77729797,1.37,4925.43048751861,16448.2755179559,34.9,68.11360175349691,46.813554746231084,29.631114206877747,71.58305053536945,Transitional,Emerging,83.08411764705882,56.18619136568994
IMN,IM,Isle of Man,Europe & Central Asia,High income,-4.47928,54.1509,84160,-0.00594088816452728,52.1633405796294,147.657894736842,23.1527854516073,14.2234183494632,10.649,81.091,6.07017543859649,69.0898245614035,570,NA,NA,NA,88328.548125887,NA,NA,62.6237961989295,59.68370822225788,162.77933252579257,9.105263157894735,Transitional,Developed,95.40117647058824,67.39061397336981
IND,IN,India,South Asia,Lower middle income,77.225,28.6353,1450935791,0.890706546985984,35.3788972368389,483.679010086809,7.14651714039908,24.6239027058366,6.587,72.235,24.5390304689576,60.0604064994165,2973190,26.6,84.68669891,1.59,2694.73780859961,11159.9856476091,25.5,68.22958015376432,46.56399727894686,29.02268265828204,36.808545703436394,Rural,Developing,79.19117647058823,43.52745564184609
IRL,IE,Ireland,Europe & Central Asia,High income,-6.26749,53.3441,5395790,1.57375843711631,64.3470379255585,77.1017273914937,15.8920783803289,18.5554853052345,6.5,83.009756097561,11.5259108724053,60.8070837567136,68890,3.9,7394.85009766,2.96,112894.953240805,133437.470117019,29,65.5524363144366,52.54963144364021,85.6462556430456,17.28886630860795,Urban,Developed,96.87926829268294,73.93836720965555
IRN,IR,"Iran, Islamic Rep.","Middle East, North Africa, Afghanistan & Pakistan",Upper middle income,51.4447,35.6878,91567738,1.05286922170537,77.0201263427734,55.8451198767334,8.23901267627149,22.4405719317898,4.754,77.854,6.64923611710324,29.008936825886,1622500,11.3,267.059021,1.85,5190.16959024821,19873.8860853805,35.9,69.32041539193871,44.257646805199364,36.714807008104486,9.97385417565486,Urban,Emerging,90.1464705882353,40.607795365065044
IRQ,IQ,Iraq,"Middle East, North Africa, Afghanistan & Pakistan",Upper middle income,44.394,33.3302,46042015,2.12476784890538,69.8861494108913,103.826155759795,3.41438792372575,36.5813485791184,4.166,72.424,1.90035242899592,21.8307880128072,434130,21.8,333.29360962,1.06,6073.61032342708,14464.3186928173,29.8,60.00426349715585,66.65482446049839,9.333685214860484,2.85052864349388,Urban,Emerging,81.70235294117649,35.35818286654689
ISL,IS,Iceland,Europe & Central Asia,High income,-21.8952,64.1353,386506,0.218346070592545,94.1819039916522,3.82488346722206,15.6448154592516,17.7634212897707,6.8,82.809756097561,0.528744421303184,16.2451651294258,100830,2.8,7641.57373047,2.83,86040.5309851288,84256.8454573112,26.8,66.59176325097769,50.16872225339641,88.07321069540176,0.793116631954776,Highly Urban,Developed,97.31162123385943,64.97474277866884
ISR,IL,Israel,"Middle East, North Africa, Afghanistan & Pakistan",High income,35.2035,31.7717,9974400,1.26518834033156,91.536188843818,455.129390018484,12.5526937672772,27.4092600836836,5.3,83.1975609756098,6.46950092421442,24.8012939001848,21640,3.3,3927.69873047,3.14,54176.6844383302,57235.7763244136,38.3,60.0380461490392,66.56104989119524,45.797273362916016,9.70425138632163,Highly Urban,Developed,97.2897417503587,58.080177447539036
ITA,IT,Italy,Europe & Central Asia,High income,12.4823,41.8955,58952704,-0.0534387378437725,69.6047535143071,199.459678073854,24.624776723376,11.892304596608,11,83.9512195121951,32.8944947923712,44.2565839307453,295720,2.7,3397.68798828,3.06,40385.3413957669,62014.2675153689,34.3,63.482918680016,57.52268811717275,207.0647999581144,49.34174218855679,Urban,Developed,98.03307030129123,66.1313531958136
JAM,JM,Jamaica,Latin America & Caribbean,Upper middle income,-76.792,17.9927,2839175,-0.0215180207209529,58.9301585439922,262.214773776547,8.20960314175773,18.7023871371085,8.206,71.606,56.190757156048,38.5041551246537,10830,17.8,520.15704346,1.65,7753.8006955432,12890.2660051472,39.9,73.08800972113377,36.821347826474586,43.89601755953697,84.286135734072,Transitional,Emerging,83.22117647058823,60.900451517119855
JOR,JO,Jordan,"Middle East, North Africa, Afghanistan & Pakistan",Lower middle income,35.9263,31.9497,11552876,0.988722042141178,92.9501393764286,128.828670856139,4.52316375593402,30.6684370194919,3.121,77.981,1.09804716534901,11.5323107417168,88794,12.9,342.10394287,1.41,4618.09592498567,10821.4909765317,NA,64.80839922457407,54.30098752089213,14.748595610070502,1.647070748023515,Highly Urban,Developing,89.42117647058822,37.648020590138046
JPN,JP,Japan,East Asia & Pacific,High income,139.77,35.67,123975371,-0.435651699326323,92.1901718034531,341.54455749932,29.7807703973917,11.4361015985054,13.3,84.0363414634146,68.3957811364628,12.6368303066246,364569.27,2.4,3638.19287109,12.59,32487.0778047567,52039.1716551611,32.3,58.78312800410289,70.11684031686828,260.4101593613315,100,Highly Urban,Developed,98.23314203730271,79.0393801563481
KAZ,KZ,Kazakhstan,Europe & Central Asia,Upper middle income,71.4382,51.1879,20592571,1.28276364646616,62.072531584162,7.53050487091158,8.65323470294214,29.3732798104715,6.697,74.531,1.31214516427751,79.3664851650183,2699700,9.4,489.71456909,6.54,14154.6324958076,40890.9317694408,29.2,61.973485486586355,61.35932845288195,29.459545405812264,1.968217746416265,Urban,Emerging,89.14176470588237,40.49356095502011
KEN,KE,Kenya,Sub-Saharan Africa,Lower middle income,36.8126,-1.27975,56432944,1.95751431565234,31.8937831721599,95.2681371231706,2.96616899017204,36.836057703847104,7.18,63.834,6.21662477880402,49.5263223856783,580876.3,38.8,84.958992,1.33,2132.43452097647,6644.13093243895,38.5,60.19777330598086,66.11910126925683,8.052351893949437,9.32493716820603,Rural,Developing,68.14941176470589,30.696976212637107
KGZ,KG,Kyrgyz Republic,Europe & Central Asia,Lower middle income,74.6057,42.8851,7221868,1.70540730430368,34.7219977865937,37.0164233576642,5.68194389959712,32.3415612198649,4.4,72.4,7.14337851929093,54.0085714285714,191800,16.8,96.65081787,3.73,2420.18542283831,8012.45464442194,27.5,61.976494880537984,61.35149332461243,17.56855168793504,10.715067778936394,Rural,Developing,84.18823529411765,37.61587007817947
KHM,KH,Cambodia,East Asia & Pacific,Lower middle income,104.874,11.5556,17638801,1.22593986324555,40.8727033252729,98.7076818490823,6.16370427229448,29.7931455146284,6.454,70.817,43.0619759800589,34.8648294810786,176520,18.4,114.56295776,0.73,2627.87969756224,7966.87352428705,NA,64.04315021307713,56.14472377965687,20.68833003641092,64.59296397008835,Transitional,Developing,82.45705882352942,53.14907662970695
KIR,KI,Kiribati,East Asia & Pacific,Lower middle income,172.979,1.32905,134518,1.48889841912877,62.4620431275642,163.617283950617,4.23660774022807,34.6938699653578,7.059,66.6,1.45679012345679,41.9753086419753,810,53.1,238.12675476,1.86,2288.63471423684,3702.32594703115,24.7,61.069522294414135,63.747801264767276,12.211401450626202,2.185185185185185,Urban,Developing,62.62647058823529,26.392734205120725
KNA,KN,St. Kitts and Nevis,Latin America & Caribbean,High income,-62.7309,17.3,46843,0.181622041143753,31.795061903951,179.838461538462,11.2257968106227,18.1894840210917,9.977,72.281,42.3076923076923,23.0769230769231,260,15.9,1294.88391113,3.98,23960.6534357084,34846.6035342828,NA,70.5847191682856,41.673723687394045,61.71586174520275,63.46153846153845,Rural,Developed,84.56823529411764,60.05395168682111
KOR,KR,"Korea, Rep.",East Asia & Pacific,High income,126.957,37.5323,51751065,0.0743178674548815,81.1682528469686,529.842407786885,19.2735131316057,10.568126821068,7,83.6292682926829,64.108606557377,16.0655737704918,97600,2.8,3136.78564453,12.81,36238.639908315,61051.3492502498,32.9,70.1583600473263,42.53468857103218,182.37397656113617,96.1629098360655,Highly Urban,Developed,97.79368723098995,78.83793981571013
KWT,KW,Kuwait,"Middle East, North Africa, Afghanistan & Pakistan",High income,47.9824,29.3721,4897263,0.899286654502241,100,272.358024691358,3.1048387301063,18.2188090706114,1.52,84.580487804878,0.350729517396184,8.41750841750842,17820,8.1,1679.12353516,2.33,32717.7186631255,52443.5969223626,NA,78.6763521992823,27.102994997411965,17.041941205227776,0.5260942760942761,Highly Urban,Developed,95.70322812051648,48.25443512997253
LAO,LA,Lao PDR,East Asia & Pacific,Lower middle income,102.177,18.5826,7769819,1.35832703035837,39.5552154401406,33.2105415944541,4.66578436383138,30.1984061662183,6.187,69.225,71.4558058925477,9.90987868284229,230800,29.4,27.41773605,1.71,2123.97909415109,9775.82817381023,34.7,65.13580946995032,53.52538152785817,15.450432510079946,100,Rural,Developing,76.02058823529411,61.04542902236297
LBN,LB,Lebanon,"Middle East, North Africa, Afghanistan & Pakistan",Lower middle income,35.5134,33.8872,5805962,0.560805065461567,90.703695784554,564.368817204301,10.1385877257367,26.1864378535752,6.035,77.945,14.1867057673509,65.9055522971652,10230,17.6,260.8119812,2.73,3477.72489842684,12574.8329116403,35.5,63.6749744206881,57.04756995946251,38.71694112207206,21.280058651026348,Highly Urban,Developing,87.04999999999998,42.247335064835944
LBR,LR,Liberia,Sub-Saharan Africa,Low income,-10.7957,6.30039,5612817,2.15725346515291,55.5387986654968,57.0289763289037,3.30499818540316,39.5295891528265,8.016,62.324,78.1422342192691,19.9651162790698,96320,86.4,103.94123077,1.59,851.497723870206,1871.04406164262,35.3,57.16541266177033,74.9309509784673,8.360820985580219,100,Transitional,Least Developed,43.461176470588235,47.639919905396354
LBY,LY,Libya,"Middle East, North Africa, Afghanistan & Pakistan",Upper middle income,13.1072,32.8578,7381023,1.02629935747641,87.8854066107749,4.15202780272117,5.01919584859714,27.4124264346555,6.534,71.121,0.123327687918433,8.72387101174171,1759540,9.8,470.4034729,3.5,6569.16408678648,14303.8087736988,NA,67.56837771674736,47.99822547051356,18.3099291139428,0.1849915318776495,Highly Urban,Emerging,86.93588235294118,36.80059962677571
LCA,LC,St. Lucia,Latin America & Caribbean,Upper middle income,-60.9832,14,179744,0.255689791113258,29.0973354237452,293.909836065574,9.61675943775436,17.5369345762156,8.712,72.846,34.0491803278688,16.2950819672131,610,17.2,641.07495117,1.09,14181.6303351598,27567.3280779839,43.7,72.84630598603005,37.27532047977464,54.83717462684188,51.073770491803195,Rural,Emerging,84.25058823529412,53.27685554220655
LIE,LI,Liechtenstein,Europe & Central Asia,High income,9.52148,47.1411,40450,1.50446197178693,14.657584904886,249.0375,20.7261098570354,14.2626034612491,7.5,84.2,41.875,32.3125,160,NA,11494.95898438,NA,206780.590353385,NA,NA,65.0112866817155,53.81944444444462,145.31785808493785,62.8125,Highly Rural,Developed,99.05882352941177,88.46727941176471
LKA,LK,Sri Lanka,South Asia,Lower middle income,79.8528,6.92148,21916000,-0.550589519145017,20.2996997058686,356.239896540576,12.1039396323455,22.0302867118189,7.8,77.672,34.0048496605238,48.6081474296799,61860,5.9,134.23654175,3.93,4515.56787322732,15632.5924849848,37.7,65.8657736558356,51.8239207551465,54.942270115131684,51.007274490785704,Rural,Developing,92.73941176470588,53.75261741508626
LSO,LS,Lesotho,Sub-Saharan Africa,Lower middle income,27.7167,-29.5208,2337423,1.11644894351979,43.6780334209246,76.135441370224,3.8564059343144,34.5192835270474,10.478,57.798,1.13702239789196,77.7584980237154,30360,60,122.63982391,NA,971.90771824829,3001.16311951334,44.9,61.624310538638206,62.27362079337243,11.171743849471076,1.70553359683794,Transitional,Developing,53.998823529411766,22.402761806290574
LTU,LT,Lithuania,Europe & Central Asia,High income,25.2799,54.6896,2888278,0.579633464785161,68.8285833315315,45.87196485623,20.1664889015269,14.7059775080318,13,77.1951219512195,35.2301501597444,45.8945686900959,62600,3.4,2232.47631836,5.71,29384.0189598663,55285.8991934304,36,65.12753359044129,53.5448902899601,137.1312372163822,52.845225239616596,Urban,Developed,93.70889526542324,62.15233136601417
LUX,LU,Luxembourg,Europe & Central Asia,High income,6.1296,49.61,677012,1.57538901671221,94.8438702866393,258.862052624628,15.4763638200631,15.7772392561468,6.6,83.1951219512195,34.4538272103664,51.6606200912036,2574.46,2.2,8169.91259766,3.95,137781.681659123,155941.288210791,33.6,68.7463969237901,45.462168891347964,98.09297792092188,51.6807408155496,Highly Urban,Developed,97.83830703012912,84.63954505671651
LVA,LV,Latvia,Europe & Central Asia,High income,24.1048,56.9465,1866124,-0.93796839712162,68.4839492628509,30.2701269484172,21.7358403074143,15.4132909230147,14.3,76.4292682926829,54.9959826450265,31.6728266109593,62230,2.5,1645.4152832,4.95,23409.0845154775,43394.2732822314,34,62.85086876957101,59.106790339888825,141.0201131995695,82.49397396753974,Urban,Developed,93.70839311334288,69.25427479024232
MAC,MO,"Macao SAR, China",East Asia & Pacific,High income,113.55,22.1667,687000,1.20077588622782,100,20569.696969697,14.2684189919779,13.910146585548,3.6,83.3317073170732,NA,NA,33,NA,NA,NA,72004.7437020733,126959.917138906,NA,71.8214344224741,39.23420049197509,102.57561920161307,NA,Highly Urban,Developed,98.03730272596847,NA
MAR,MA,Morocco,"Middle East, North Africa, Afghanistan & Pakistan",Lower middle income,-6.8704,33.9905,38081173,0.972827595296714,62.7998124018197,84.5003473000224,8.13865292437289,25.6329078938824,5.726,75.493,12.9371068787811,66.7449381581896,446300,15.7,232.24751282,0.73,4153.1943359375,10415.1240234375,NA,66.2284391817447,50.99253619065226,31.750798458239988,19.40566031817165,Urban,Developing,86.55764705882352,41.690715219762154
MCO,MC,Monaco,Europe & Central Asia,High income,7.41891,43.7325,38631,-0.837774113919638,100,18692.8982725528,36.1665501799073,13.4723408661438,20.141,86.497,0,NA,2.084,2.7,8004.16845703,NA,288001.433369041,NA,NA,50.3611089539489,98.56592135697765,268.450379479296,0,Highly Urban,Developed,99.53058823529412,69.81223529411764
MDA,MD,Moldova,Europe & Central Asia,Upper middle income,28.8497,47.0167,2402306,-2.28306147072637,43.516471862793,85.437584732506,16.2115124727323,19.7887254216323,13.823,71.332,11.7370179167932,74.096568478591,32930,16.5,451.73007202,5.54,7576.19589413326,18614.9880691203,26.8,63.999762105635405,56.25058079894746,81.92297445802383,17.6055268751898,Transitional,Emerging,83.71,41.03851683079692
MDG,MG,Madagascar,Sub-Saharan Africa,Low income,45.7167,-20.4667,31964956,2.43524760129506,32.4339893339844,53.6196837401169,3.40515250513719,39.2568567902925,7.471,63.835,21.2962600550017,70.2904778274321,581800,62.4,17.44003487,NA,544.987501003384,1883.5374311384,36.8,57.3379907045703,74.40443721727623,8.674032471135645,31.94439008250255,Rural,Least Developed,56.349999999999994,32.28681327505178
MDV,MV,Maldives,South Asia,Upper middle income,73.5109,4.1742,527799,0.342572358181693,41.9982152717385,1765.08053691275,4.64021341457638,19.5920227207706,2.364,81.285,2.75167785234899,19.7986577181208,298,5.4,1159.02819824,4.56,13379.3513577224,26182.7831570917,29.3,75.76776386465302,31.982250629217447,23.684197801878973,4.127516778523485,Transitional,Emerging,95.11470588235294,43.29794279381495
MEX,MX,Mexico,Latin America & Caribbean,Upper middle income,-99.1276,19.427,130861007,0.860515443690537,79.7538805976118,66.7402757272564,8.24857017950351,24.5094927322392,6.219,75.264,33.5959176419147,50.6933879986625,1943950,13.1,760.98840332,1.01,14185.7812248529,26185.3564713253,42.6,67.2419370882573,48.71671508919598,33.6545936287516,50.39387646287206,Urban,Emerging,87.72294117647058,54.46307377690572
MHL,MH,Marshall Islands,East Asia & Pacific,Upper middle income,171.135,7.11046,37548,-3.34957664335036,78.7325660244112,215.705555555556,4.64072653669969,34.4745392564185,7.131,67.075,52.2222222222222,38.8888888888889,180,26.7,894.21533203,NA,7726.33668877794,8194.63854758403,35.5,60.88473420688181,64.24478369275198,13.461315616671149,78.3333333333333,Urban,Emerging,76.10588235294118,56.260253947809844
MKD,MK,North Macedonia,Europe & Central Asia,Upper middle income,21.4361,42.0024,1824359,-0.189311904958652,62.5645376928533,72.474861221253,18.0247601630052,16.8227364757936,11.1,76.6165853658537,39.7101506740682,49.6034892942109,25220,2.8,639.41693115,4.74,9291.85661671864,26995.4292563497,33.5,65.1525033612012,53.48604403672192,107.1452328159643,59.565226011102304,Urban,Emerging,93.66857962697276,58.124556639135385
MLI,ML,Mali,Sub-Saharan Africa,Low income,-7.50034,13.5667,24478595,2.94115084753028,31.6075621182225,19.4798572353486,2.38401749806275,46.1422817334434,8.51,60.675,10.896663634352,35.4694668863046,1220190,73,33.9802475,0.25,1094.61949265799,3314.77332231959,35.7,51.473700768493856,94.27396613613652,5.166665818207342,16.344995451528,Rural,Least Developed,49.19117647058823,24.908355071491087
MLT,MT,Malta,"Middle East, North Africa, Afghanistan & Pakistan",High income,14.5189,35.9042,568847,2.87111128593908,95.6546264490509,1727.334375,20.2123026573043,13.0305018281824,7.3,82.9560975609756,1.4375,25.909375,320,5.3,3623.4609375,4.09,43898.5781808597,69863.7461313457,31.8,66.75719551451331,49.796586314443914,155.11530502677252,2.15625,Highly Urban,Developed,96.1477044476327,52.275530233310995
MMR,MM,Myanmar,East Asia & Pacific,Lower middle income,95.9562,21.914,54500091,0.674364862610485,30.4499084074136,82.9420656687147,7.3044263357285,24.3005300670048,9.176,67.095,42.4023779245254,19.9140944121838,652670,36.9,56.18909836,1.07,1359.05001560107,5997.46516323715,30.7,68.3950435972667,46.20942504084658,30.058711952322525,63.6035668867881,Rural,Developing,71.01764705882353,47.895843894246156
MNE,ME,Montenegro,Europe & Central Asia,Upper middle income,19.2595,42.4602,623525,-6.41511915285095e-4,65.5422314706266,46.3590334572491,17.8320804850907,18.1268437386694,10.2,77.890243902439,61.4869888475836,19.5925650557621,13450,2.4,1147.69787598,3.82,13263.3281277699,34062.7577672706,34.3,64.0410757762399,56.14978166419458,98.37388539434534,92.2304832713754,Urban,Emerging,94.61779053084646,69.49525963208217
MNG,MN,Mongolia,East Asia & Pacific,Upper middle income,106.937,47.9129,3524788,1.24590299529718,70.9566040039062,2.23365125312889,5.13764767489369,32.1932994585014,5.5,72.3980487804878,9.09172405879304,68.9555729589301,1558499.786,13.4,359.60980225,8.58,6750.6301157724,19144.7261368498,31.4,62.669052866604915,59.56839209435062,15.958748439302864,13.637586088189561,Urban,Emerging,85.88708751793399,40.47129986836218
MNP,MP,Northern Mariana Islands,East Asia & Pacific,High income,145.765,15.1935,44278,-1.93472893815204,92.0747260922394,98.1369565217391,9.75213144373553,22.002145559257,4.977,78.947,52.9565217391304,1.17391304347826,460,NA,NA,NA,23785.754590043,NA,NA,68.24572299700746,46.52932903119063,44.32354752617524,79.4347826086956,Highly Urban,Developed,92.87882352941178,68.11769057138629
MOZ,MZ,Mozambique,Sub-Saharan Africa,Low income,32.5713,-25.9664,34631766,2.91994049442347,36.4332337447237,42.7721457819375,2.75374348509978,44.4790889381731,6.908,63.797,45.8130349195046,52.7891502835779,786380,59.4,52.96166611,0.74,656.776824637306,1705.37919520416,49.6,52.767167576727125,89.51178278537135,6.191096874595483,68.7195523792569,Rural,Least Developed,57.82764705882353,43.94395758469767
MRT,MR,Mauritania,Sub-Saharan Africa,Lower middle income,-15.9824,18.2367,5169395,2.88395898961435,60.6068586411829,4.87284466867178,3.22841423141255,42.7112125586057,5.414,68.713,0.287611138061512,38.5272145144077,1030700,36.9,92.11444092,NA,2110.12036938187,7368.75275290214,32,54.060373209981755,84.97837521686942,7.558704232483961,0.431416707092268,Urban,Developing,71.96941176470588,29.550225828824594
MUS,MU,Mauritius,Sub-Saharan Africa,Upper middle income,57.4977,-20.1605,1245779,-0.2299528038748,39.0162147027917,625.261392088132,13.5258962419631,14.8108552049334,10,73.7890243902439,19.4742113169755,43.043264897346,1997,15.4,616.20739746,3.8,11990.7798944837,31839.7597535524,36.8,71.6632485531035,39.54153909991752,91.32420818925912,29.211316975463248,Rural,Emerging,85.70530846484934,46.642752446923815
MWI,MW,Malawi,Sub-Saharan Africa,Low income,33.7703,-13.9899,21655286,2.57641467045761,17.268503531213,223.84898175647,2.58611915815843,40.705553369279,5.292,67.561,22.4406024607552,64.1705557912601,94280,48.8,41.26664734,NA,522.570393642547,1857.61756950305,38.5,56.70832747256257,76.34094401458663,6.3532342496299465,33.6609036911328,Highly Rural,Least Developed,65.34176470588235,36.391748107785546
MYS,MY,Malaysia,East Asia & Pacific,Upper middle income,101.684,3.12433,35557673,1.22058891015438,76.9170296648992,106.913096941105,7.73785157794421,21.7863930270916,5.273,76.821,57.7190381981434,26.0873535230558,328550,8.3,450.33853149,1.96,11874.4273684245,38779.2830442253,40.7,70.47575539496418,41.89276785977586,35.51690070183767,86.5785572972151,Urban,Emerging,91.03882352941176,65.95142481145658
NAM,NA,Namibia,Sub-Saharan Africa,Lower middle income,17.0931,-22.5648,3030131,2.23715227334598,50.4088030252155,3.59909023551847,3.67296001393999,36.9797378397172,6.176,67.516,7.80511120018463,47.142562159142,823290,39.5,397.09063721,NA,4413.12752211572,11686.6020661881,59.1,59.34730214634281,68.49965606425187,9.932358173710835,11.707666800276945,Transitional,Developing,69.96529411764706,32.82235594377663
NCL,NC,New Caledonia,East Asia & Pacific,High income,166.464,-22.2677,292639,0.95072208560765,67.9514695585577,15.8572210065646,11.4260036666274,21.3062488146679,6.251,78.921,45.8271334792123,10.0672866520788,18280,NA,NA,NA,29213.1923192946,NA,NA,67.26774751870471,48.659652937232146,53.62747692480422,68.74070021881845,Urban,Developed,92.84823529411766,66.52546187908098
NER,NE,Niger,Sub-Saharan Africa,Low income,2.1073,13.514,27032412,3.28101480132484,18.0497398450803,20.6519831057077,2.59438183698921,46.6010183145881,8.719,61.433,0.822957290597616,36.7873213862793,1266700,110.7,26.01301575,0.28,735.270255787226,2049.93305251019,32.9,50.80459984842268,96.83257086632612,5.567221341549651,1.234435935896424,Highly Rural,Least Developed,36.13705882352941,15.04573538691686
NGA,NG,Nigeria,Sub-Saharan Africa,Lower middle income,7.48906,9.05804,232679478,2.08297776184189,62.9755675573659,250.20910328623,3.04866208065127,41.0138455377957,11.641,54.635,23.2078900271199,76.1972932793131,910770,115.6,66.82009125,NA,1084.16041805436,9086.87550609627,33.9,55.93749238155303,78.77097406850837,7.433250992867324,34.811835040679846,Urban,Developing,32.13823529411764,23.62409275526732
NIC,NI,Nicaragua,Latin America & Caribbean,Lower middle income,-86.2734,12.1475,6916140,1.34687135560209,59.2628402709961,56.702783779292,5.5335856079826,28.758876248809,4.636,75.1,25.8229183978727,42.3051354495596,120340,11.2,216.55238342,0.97,2847.53966339498,8708.79983051626,NA,65.7075381432084,52.18953993079424,19.2413137429588,38.734377596809054,Transitional,Developing,88.57647058823528,47.905163413355325
NLD,NL,Netherlands,Europe & Central Asia,High income,4.89095,52.3738,17993485,0.648823280021657,95.6396517079336,530.950905850906,20.4960775816586,15.0256450781311,9.6,81.9658536585366,11.0574428274428,53.5491535491536,33670,3.9,6845.14208984,2.42,67520.4218956281,86173.6290841738,25.7,64.4782773402103,55.090992075306964,136.40730547728282,16.5861642411642,Highly Urban,Developed,96.2652080344333,63.73805905481101
NOR,NO,Norway,Europe & Central Asia,High income,10.7387,59.9138,5572279,0.949855138372357,83.3293737928469,15.1524995195871,18.7852406279027,16.1887491796165,7.9,83.1609756097561,33.5009745518434,2.69580256403217,364270,2.5,8296.35546875,3.3,86785.4334489176,102037.526800237,26.5,65.02601019248081,53.784615885234444,116.03886390157602,50.2514618277651,Highly Urban,Developed,97.66822094691534,80.17835696177094
NPL,NP,Nepal,South Asia,Lower middle income,85.3157,27.6939,29651054,-0.146800968936231,66.772343163029,207.147638646669,6.50345841831696,28.4291693571977,6.972,70.636,41.5907220090687,26.1185908615277,143350,25.1,83.96018982,0.54,1447.31004458428,5736.62134332704,30,65.06737222448533,53.686858069195644,22.876005755231162,62.38608301360305,Urban,Developing,79.00058823529412,50.75025321157385
NRU,NR,Nauru,East Asia & Pacific,High income,166.920867,-0.5477,11947,0.604485091438176,100,593.75,2.85020717364919,37.7767546980287,7.574,62.279,0,20,20,8.3,2292.37329102,NA,13609.158837552,14173.0081043154,NA,59.37303812832211,68.42661779218946,7.5448703744737555,0,Highly Urban,Developed,82.48470588235294,37.07663000420678
NZL,NZ,New Zealand,East Asia & Pacific,High income,174.776,-41.2865,5287500,1.66869187850147,83.9370658833132,19.7485853176864,17.1957543080631,18.1186736949994,7.13,82.009756097561,37.7892841137822,36.8804830807793,263310,4.7,5022.03271484,2.51,49205.1792146792,55551.143658637,NA,64.6855719969375,54.59397963541923,94.90625305984169,56.6839261706733,Highly Urban,Developed,95.8910329985653,70.12314481503186
OMN,OM,Oman,"Middle East, North Africa, Afghanistan & Pakistan",High income,58.5874,23.6105,5281538,4.49738628465102,79.4440302814714,16.3142778675283,2.64409723076876,24.7148273855078,1.904,80.246,0.00762261712439418,4.75518578352181,309500,10.3,732.04089355,0.99,20285.2272897377,41740.1658530012,NA,72.64107538372343,37.66316023235365,10.698424834313013,0.01143392568659127,Urban,Developed,92.05352941176471,42.91041012933317
PAK,PK,Pakistan,"Middle East, North Africa, Afghanistan & Pakistan",Lower middle income,72.8,30.5167,251269164,1.50959876314033,39.1734368360905,321.067474833956,4.28062891951199,36.6849298308646,6.445,67.799,4.67242631797426,46.6933893731839,770880,56,30.48608398,0.63,1478.77277977996,6252.11543199559,33.5,59.034441249623406,69.39264246976829,11.668630522799894,7.00863947696139,Rural,Developing,61.88176470588235,27.298929559375345
PAN,PA,Panama,Latin America & Caribbean,High income,-79.5188,8.99427,4515577,1.26624987466078,65.9958447685488,60.1072930709086,9.35311257011009,24.8949248346335,4.914,79.775,56.3439727689404,29.522326772715,74180,15.3,1557.81286621,1.95,19161.2188501596,41369.422541499,49.7,65.75196259525642,52.086715062121,37.57035874676818,84.51595915341059,Urban,Developed,89.2764705882353,66.81374163636517
PER,PE,Peru,Latin America & Caribbean,Upper middle income,-77.0465,-12.0931,34217848,1.0937871324756,85.1912729600355,26.44188828125,9.22812283852747,23.9704046258316,5.595,77.941,56.103020234375,19.05121875,1280000,12.9,445.52667236,1.56,8452.37167056621,17802.4182498972,40.1,66.80147253564093,49.69729888311443,38.497985255463,84.1545303515625,Highly Urban,Emerging,89.39764705882354,63.54112943016803
PHL,PH,Philippines,East Asia & Pacific,Lower middle income,121.035,14.5515,115843670,0.825602488528657,55.4520983215477,385.321122178623,5.49193411039176,27.8680674907316,6.35,69.946,24.4600731126539,42.6689472448603,298170,26.5,194.05484009,0.97,3984.8315387656,11794.1375488492,39.3,66.63999839887664,50.06002761501524,19.70690688264723,36.69010966898085,Transitional,Developing,77.89470588235294,43.36036471526511
PLW,PW,Palau,East Asia & Pacific,High income,134.479,7.34194,17695,-0.180678723422048,79.2095042878667,38.5369565217391,11.3418665762482,18.2447514904919,11.729,69.383,90.5434782608696,9.34782608695652,460,21.4,1683.8458252,NA,15610.8231931032,18230.2698627414,NA,70.4133819332599,42.0184590690208,62.1650921480565,100,Urban,Developed,80.11352941176472,66.72865872263685
PNG,PG,Papua New Guinea,East Asia & Pacific,Lower middle income,147.194,-9.47357,10576502,1.78260733820852,15.4061816403333,22.9422669257607,3.46461445686932,33.4795064322546,6.554,66.256,78.9541359360509,3.10250408514773,452860,39.4,85.15021515,0.62,3006.70564478923,4874.6899553589,NA,63.055879110876084,58.58949460392454,10.348463361847724,100,Highly Rural,Developing,69.27411764705883,58.611658752260304
POL,PL,Poland,Europe & Central Asia,High income,21.02,52.26,36559233,-0.349832361234927,59.9705468695101,119.787615502661,20.1434028173028,14.8057804830982,11.2,78.409756097561,31.0804192379273,47.6050543637967,306270,4.2,2014.12780762,6.04,25103.565661423,51262.5105756884,28.5,65.050816699599,53.72597159201607,136.0509352431495,46.620628856890946,Transitional,Developed,94.02338593974176,59.126612731390885
PRI,PR,Puerto Rico (US),Latin America & Caribbean,High income,-66,18.23,3203295,-0.0155140706220036,94.2539505199436,361.194137542277,24.718679022048,11.6286791330835,10.3,81.902,56.1217587373168,19.0417136414882,8870,NA,NA,NA,39343.7154660139,50247.8492461676,NA,63.65264184486849,57.102670213933514,212.566524014955,84.1826381059752,Highly Urban,Developed,96.35529411764706,75.60002371865556
PRK,KP,"Korea, Dem. People's Rep.",East Asia & Pacific,Low income,125.754,39.0319,26498823,0.304699893187806,63.8589748211522,219.402076239515,12.399869609303,18.9471019146775,9.858,73.743,49.5507017689561,21.5538576530189,120410,16.7,NA,12.8,NA,NA,NA,68.6530284760195,45.659998138217595,65.4446767908994,74.32605265343415,Urban,Least Developed,85.02823529411765,NA
PRT,PT,Portugal,Europe & Central Asia,High income,-9.13552,38.7072,10694681,1.09536933248007,61.3281907341332,115.475189289738,24.5306498594644,12.8014201999608,11.1,82.3829268292683,36.154994891142,43.33752194189,91605.6,3.2,2971.03930664,3.48,29292.242104753,51679.8883807527,33.9,62.667929940574794,59.571251347899214,191.62444069713075,54.23249233671301,Urban,Developed,96.86054519368724,63.8016384099147
PRY,PY,Paraguay,Latin America & Caribbean,Upper middle income,-57.6362,-25.3005,6929153,1.23438951533718,69.8622585886961,17.282671943072,6.53764608747996,28.5879240940415,5.697,73.982,38.5449252640128,54.1069421552674,396012.03,16.3,526.5098877,1.04,6416.09708970845,18523.6810153,44.2,64.87442981847855,54.143936647773735,22.86855829746163,57.8173878960192,Urban,Emerging,85.36882352941177,53.417574907483
PYF,PF,French Polynesia,East Asia & Pacific,High income,-149.57,-17.535,281807,0.244792945440769,61.7191984724331,80.990492653414,11.324082304702,19.1014046872588,3.808,84.192,43.0596369922213,8.66176894266782,3471,NA,NA,NA,22439.8838746025,NA,NA,69.57451300803919,43.73079404586734,59.284029054970475,64.58945548833195,Urban,Developed,99.04941176470588,65.72856651476269
QAT,QA,Qatar,"Middle East, North Africa, Afghanistan & Pakistan",High income,51.5082,25.2948,2857822,7.32265165181291,99.3219891728394,231.160313315927,1.67581729963329,15.070743135057,1.051,82.522,0,6.44038294168842,11490,5.9,1804.35424805,1.25,76688.6941743178,126046.354855612,35.1,83.2534395653097,20.115157430286278,11.119672630708346,0,Highly Urban,Developed,95.59235294117647,61.24354942876593
ROU,RO,Romania,Europe & Central Asia,High income,26.0979,44.4479,19051804,-0.0485820204761977,52.1674778928768,82.8453668289291,19.9809987731847,15.7157647653274,12.8,76.4585365853659,30.1158292767733,55.2633866481224,230080,7.3,1050.99755859,7.23,20080.2096215595,49076.5399383138,29.8,64.3032364614879,55.51316777016564,127.13984379091363,45.17374391515995,Transitional,Developed,91.32560975609759,56.10642996345488
RUS,RU,Russian Federation,Europe & Central Asia,High income,37.6176,55.7558,143533851,-0.203423663777625,75.1119136177067,8.78227219242749,17.1774753758315,17.2783413289713,12.4,73.4404878048781,49.7843605035639,13.171076035897,16376870,5.2,1003.33166504,6.81,14889.0185546875,47404.96484375,33,65.5441832951972,52.56883978494484,99.41622895844363,74.67654075534585,Urban,Developed,90.60028694404593,63.109782570628376
RWA,RW,Rwanda,Sub-Saharan Africa,Low income,30.0587,-1.95325,14256567,2.14176839550509,29.8849714294083,565.645358735306,3.92606803328137,37.3607979172264,5.895,68.017,11.3092825293879,76.3328334008918,24670,37.7,52.65630722,0.75,999.65456165547,3710.86040434596,39.4,58.71313404949223,70.3196424767668,10.508522976355197,16.96392379408185,Rural,Least Developed,71.16,33.853073506721195
SAU,SA,Saudi Arabia,"Middle East, North Africa, Afghanistan & Pakistan",High income,46.6977,24.6748,35300280,4.63120232685885,84.4554020211443,15.6779493787476,2.95084263846487,23.818581981118,2.337,78.982,0.454484134921779,80.7732356758416,2149690,6,1825.2545166,2.41,35121.6628687742,71375.3727890285,NA,73.23057538041712,36.55498332564159,12.388825836920637,0.6817262023826686,Highly Urban,Developed,93.46000000000001,48.125016721347066
SDN,SD,Sudan,Sub-Saharan Africa,Low income,32.5363,15.5932,50448963,0.808373216038761,34.8673015510839,26.7895026766595,3.30171309271226,40.471351616002,6.335,66.521,9.55196466809422,60.3131691648822,1868000,61.6,21.0830822,0.66,984.607666015625,2115.81616210938,NA,56.226935291285734,77.85070354972447,8.158148816079553,14.327947002141329,Rural,Least Developed,58.33,27.925766400447085
SEN,SN,Senegal,Sub-Saharan Africa,Lower middle income,-17.4734,14.7247,18501984,2.32058603495657,55.2368169057304,93.8948371682335,3.61772273671508,38.1823663294065,5.505,68.924,41.2827091881785,49.4000934919233,192530,36.5,73.22670746,0.71,1773.21829923448,5070.6486207418,36.2,58.19991093387842,71.82156878832879,9.474852096657136,61.92406378226775,Transitional,Developing,72.29352941176471,48.02659638915655
SGP,SG,Singapore,East Asia & Pacific,High income,103.85,1.28941,6036860,1.99449365639324,100,8241.8495821727,13.6562182859265,11.686158685972,6,83.3463414634146,20.933147632312,0.919220055710306,718,2.7,3921.60253906,2.81,90674.066632628,150689.301625826,NA,74.6576230281015,33.944794843467626,116.85805963185618,31.399721448468,Highly Urban,Developed,97.67725968436153,75.69304029807341
SLB,SB,Solomon Islands,East Asia & Pacific,Lower middle income,159.949,-9.42676,819198,2.37078352276169,30.6617188562194,28.581814933905,3.63880282910847,36.9703661385892,5.083,70.694,90.0600214362272,3.90139335476956,27990,20,111.35532379,NA,1933.55538435227,2674.89311339831,NA,59.39083103230233,68.37615884783726,9.842485236602332,100,Rural,Developing,81.58470588235295,63.21394896824686
SLE,SL,Sierra Leone,Sub-Saharan Africa,Low income,-13.2134,8.4821,8642022,2.1226891332086,45.3626823156371,117.214075921308,3.24269579256476,38.0887344368752,8.211,61.964,34.2988362427265,54.7104461069548,72180,90.5,35.76205063,NA,806.654650417726,3522.30588009119,35.7,58.66856977056004,70.44901621273223,8.5135298940922,51.44825436408975,Transitional,Least Developed,41.19941176470588,32.156237410234596
SLV,SV,El Salvador,Latin America & Caribbean,Upper middle income,-89.2073,13.7034,6338193,0.451762522948611,75.0674905102199,304.518532818533,8.14861585944133,24.8061237642969,7.47,72.302,27.5279922779923,57.707528957529,20720,10,500.69497681,1.21,5579.65969165029,13264.027090968,39.8,67.04526037626177,49.152974332256115,32.849210690343796,41.29198841698845,Urban,Emerging,87.53058823529412,49.073729726709274
SMR,SM,San Marino,Europe & Central Asia,High income,12.4486,43.9322,33977,0.344944841346899,97.1560555881096,564.333333333333,22.4099937464638,12.2569310026503,7.5,85.817,16.6666666666667,38.3333333333333,60,1.3,3923.5234375,NA,59879.7173015651,78745.4313299335,NA,65.3330752508859,53.06182912099187,182.83527696793038,25.00000000000005,Highly Urban,Developed,99.8305882352941,65.3961504845872
SOM,SO,"Somalia, Fed. Rep.",Sub-Saharan Africa,Low income,45.3254,2.07515,19009151,3.48215481810475,54.6176465524521,29.2642187649441,2.591583390547,46.5932329118749,9.741,58.967,9.16528517231485,70.3433544808238,627340,101.1,22.37065506,0.87,629.538899449007,1601.96466602339,NA,50.8151836975781,96.79157433561751,5.562145463159095,13.747927758472274,Transitional,Least Developed,34.68647058823529,18.1878282326705
SRB,RS,Serbia,Europe & Central Asia,Upper middle income,20.4656,44.8024,6586476,-0.555761423984425,62.3830029804177,78.7630277084077,22.6860376805019,14.3110315939988,14.9,75.9682926829268,32.3896349149721,40.3853014627185,84090,5.4,983.69372559,5.78,13679.2065983557,32832.1763221005,32.8,63.002930725499304,58.72277503358555,158.52133042606852,48.584452372458145,Urban,Emerging,91.98723098995694,55.47399008722693
SSD,SS,South Sudan,Sub-Saharan Africa,Low income,31.6,4.85,11943408,3.92792442239756,21.3768190444906,18.1719082809805,2.99167528264649,38.917470670119,9.821,57.738,11.3256215087114,44.8581857167724,631930,96.7,72.75582886,NA,1080.14718624765,1154.88686304107,44,58.0908540472345,72.14413807496885,7.6872294913644295,16.9884322630671,Rural,Least Developed,35.6135294117647,19.665985599500306
STP,ST,Sao Tome and Principe,Sub-Saharan Africa,Lower middle income,6.6071,0.20618,235536,2.0004655038868,68.8710170184884,240.490625,3.90024476036623,37.8283196022697,5.53,69.905,52.125,44.7916666666667,960,13.6,171.05166626,2.91,3490.56883486557,6241.85614464638,40.7,58.271435637364064,71.61066808499784,10.310383335484495,78.1875,Urban,Developing,84.32058823529412,58.23165594457733
SUR,SR,Suriname,Latin America & Caribbean,Upper middle income,-55.1679,5.8232,634431,0.877853398525397,65.7641857200885,3.91810706046897,7.89928297955175,25.6391948060546,6.841,73.757,94.44758351333,0.445038088848248,160507.61,15.8,297.04589844,2.87,6961.78955961526,21800.5265989822,39.2,66.46152221439364,50.462999745050816,30.809403490652382,100,Urban,Emerging,85.4864705882353,66.2831251031787
SVK,SK,Slovak Republic,Europe & Central Asia,High income,17.1073,48.1484,5422069,-0.0861108401600769,53.1919702985684,112.868968386023,18.5373993543753,15.7612022097569,9.9,78.3707317073171,40.05615640599,37.9575707154742,48080,6.3,1813.46618652,5.57,25992.6748502048,48132.356430543,23.8,65.7013984358678,52.203761838664086,117.6141204691848,60.084234608985,Transitional,Developed,92.95043041606888,63.00324500418449
SVN,SI,Slovenia,Europe & Central Asia,High income,14.5044,46.0546,2127400,0.326705896075754,55.7577708405917,105.31480791676,21.7723491779025,14.714920235154,10.1,82.2853658536585,61.1748938389332,30.355856862599,20134.5,2.3,3370.53076172,4.11,34301.0318686594,57186.3713538174,24.7,63.512730586943505,57.44874937018892,147.96104110634778,91.7623407583998,Transitional,Developed,97.253156384505,76.72027434191976
SWE,SE,Sweden,Europe & Central Asia,High income,18.0645,59.3327,10569709,0.313432129983607,88.8559748346228,25.8713678886243,20.7467682423653,16.9857798610144,8.6,84.0634146341463,68.7013529108454,7.32192403074128,407270,2.4,6484.76464844,1.9,57117.4877440616,71844.9129880579,29.3,62.267451896620294,60.597546477452234,122.14198236480789,100,Highly Urban,Developed,98.24906743185076,86.43487329595878
SWZ,SZ,Eswatini,Sub-Saharan Africa,Lower middle income,31.4659,-26.5225,1242822,0.995913343966098,26.2498461258639,71.5410465116279,4.26195555838067,33.3522553319202,7.731,64.264,29.1389534883721,69.4767441860465,17200,45.1,296.04562378,NA,3909.55892378182,11799.2028793201,54.6,62.38578910969914,60.29291514476167,12.77861276835966,43.70843023255815,Rural,Developing,65.25235294117647,40.38633792337258
SYC,SC,Seychelles,Sub-Saharan Africa,High income,55.4466,-4.6309,121354,1.31136094801067,45.2898622460415,260.376086956522,8.53904929131987,19.9511572361283,7,76.2951219512195,73.2608695652174,3.3695652173913,460,14,766.28778076,2.63,17858.8226383978,33238.5800343754,32.1,71.50979347255183,39.84098561043081,42.79976940814762,100,Transitional,Developed,87.87948350071736,70.50944019180628
SYR,SY,Syrian Arab Republic,"Middle East, North Africa, Afghanistan & Pakistan",Low income,36.3119,33.5146,24672760,4.46809539676654,72.0761345758254,128.490023416653,4.74170917120154,29.1634383255752,4.932,72.56,2.84310842454937,74.0946468441976,183630,18.4,33.34017944,1.43,1051.67149587463,4772.4616766716,26.4,66.09485250322327,51.29771262463031,16.259088240097004,4.264662636824054,Urban,Least Developed,83.48235294117647,34.9878414162802
TCA,TC,Turks and Caicos Islands,Latin America & Caribbean,High income,-71.141389,21.4602778,46535,0.726821053031156,94.1670917861964,48.6294736842105,11.2518668944547,16.0708721486209,7.39,78.181,11.0736842105263,1.05263157894737,950,4.7,NA,NA,37506.7798431288,37954.3876543471,NA,72.67726095692439,37.59461856889422,70.01404024871334,16.61052631578945,Highly Urban,Developed,93.63882352941177,53.69072125944018
TCD,TD,Chad,Sub-Saharan Africa,Low income,15.0445,12.1048,20299123,4.94853027382671,26.9315292389497,15.342331639136,2.10053656012627,46.0646280137324,11.08,55.238,3.16103105146125,39.9756194409149,1259200,97.3,47.43893051,0.15,961.55975562506,2742.65952183613,37.4,51.834835426141325,92.92045431973733,4.559977255216467,4.741546577191874,Rural,Least Developed,33.84294117647059,15.248108370433316
TGO,TG,Togo,Sub-Saharan Africa,Low income,1.2255,6.1228,9515236,2.2413667842624,43.8148491605996,171.067052767053,3.21344647749391,39.5258110006841,8.486,62.935,22.0700496414782,70.2334988049274,54390,56.1,59.60503769,0.33,1119.38160509429,3365.45809007306,37.9,57.260742521821996,74.63971928392324,8.129995049154823,33.1050744622173,Transitional,Least Developed,58.97058823529411,33.85557211431112
THA,TH,Thailand,East Asia & Pacific,Upper middle income,100.521,13.7308,71668011,-0.0480210554154485,61.8689338391321,140.34808862964601,15.3627543814492,14.7494821643648,9.033,76.564,38.6873886746658,43.7980778641195,510890,9,326.50482178,2.39,7346.62022142185,24712.0658575135,33.3,69.887763454186,43.08656488278334,104.15792371725487,58.031083011998696,Urban,Emerging,90.53764705882352,55.82836979355557
TJK,TJ,Tajikistan,Europe & Central Asia,Lower middle income,68.7864,38.5878,10590927,1.91732317936133,26.1788063651548,74.8598530153469,3.85166927070363,36.2614039233108,4.591,71.927,3.07514950644859,27.9465379350097,138790,28.1,85.14702606,4.04,1341.20229027672,5405.98011619139,36.1,59.886926805985574,66.98135191336152,10.621952969194243,4.612724259672885,Rural,Developing,78.25999999999999,33.090177964984875
TKM,TM,Turkmenistan,Europe & Central Asia,Upper middle income,58.3794,37.9509,7494498,1.75064111797897,47.0875253910294,15.6713510522844,4.53024308431045,31.506864668796698,5.836,70.201,8.78215904496414,84.2215632115421,469930,39,581.38220215,3.6,6856.65802730208,21213.0862501953,NA,63.96289224689285,56.34064765865515,14.378590608531876,13.173238567446209,Transitional,Emerging,71.79470588235293,34.726851331365665
TLS,TL,Timor-Leste,East Asia & Pacific,Lower middle income,125.567,-8.56667,1400638,1.17433638550192,28.6641074179574,93.0925353059852,5.2777020186515,33.6584470791168,7.219,67.904,61.6610625420309,22.9589778076664,14870,47.6,144.21452332,0.38,1331.9705130185,4422.77882172399,NA,61.06385090223171,63.76300957518761,15.68017088324322,92.49159381304635,Rural,Developing,66.14352941176472,54.604481062525345
TON,TO,Tonga,East Asia & Pacific,Upper middle income,-175.216,-21.136,104175,-0.404269322267007,21.1505271125521,145.273611111111,6.71559051792408,35.4032378054341,6.442,73.07,12.4305555555556,48.6111111111111,720,9.5,357.54415894,NA,5651.59373063157,7802.66986206107,27.1,57.88117167664181,72.76775349099474,18.968859726421105,18.6458333333334,Rural,Emerging,88.23235294117646,42.58216929566008
TTO,TT,Trinidad and Tobago,Latin America & Caribbean,High income,-61.4789,10.6596,1368333,0.0601642729371072,53.961056681951,266.571150097466,12.3783519031106,17.7602988231385,8.739,73.617,44.2358674463938,10.5263157894737,5130,18.8,1276.33862305,2.37,18733.4110406494,36328.5130065685,NA,69.8613492737509,43.140665102460495,69.69675469077028,66.3538011695907,Transitional,Developed,83.90411764705883,59.08781072189556
TUN,TN,Tunisia,"Middle East, North Africa, Afghanistan & Pakistan",Lower middle income,10.21,36.7899,12277109,0.626519256572759,70.3585355691955,78.530065653965,9.52962134652384,24.03896145257,6.128,76.711,4.55278063851699,62.4388516992791,155360,12.1,317.70983887,1.82,4181.13789301228,14521.0080937638,33.7,66.43141720090617,50.531185715297276,39.642400381257026,6.829170957775485,Urban,Developing,89.07411764705881,38.932739714059856
TUR,TR,Turkiye,Europe & Central Asia,Upper middle income,32.3606,39.7153,85518661,0.225580501096507,89.3443122873887,110.866214934449,10.2841810756946,21.4489074757866,5.7,77.421,29.4795681041539,50.1383781817237,769630,9.6,547.8145752,3.05,15892.7157287241,45639.0192735944,43.7,68.2669114485188,46.48384975701097,47.947342247171704,44.21935215623085,Highly Urban,Emerging,90.74176470588236,54.33032624783943
TUV,TV,Tuvalu,East Asia & Pacific,Upper middle income,179.089567,-8.6314877,9646,-1.74703857618302,64.7254793441291,327.2,6.66632108237002,32.9480068425691,9.268,67.259,33.3333333333333,60,30,19.2,1723.56542969,NA,6344.7750188689,6151.01047041608,NA,60.38567207506088,65.60219761352913,20.232850849590932,49.99999999999995,Urban,Emerging,79.96411764705883,48.889079564484184
TZA,TZ,Tanzania,Sub-Saharan Africa,Lower middle income,35.7382,-6.17486,68560157,2.87426672866542,36.1684458862992,75.2061481146986,3.04500104922455,42.5361081072203,5.721,67.212,50.0541883043576,44.6163919620682,885800,37,36.25619888,0.84,1186.71691894531,4220.79638671875,40.5,54.41889084355515,83.75971735161347,7.158626364097649,75.0812824565364,Rural,Developing,71.03647058823529,51.29498804793863
UGA,UG,Uganda,Sub-Saharan Africa,Low income,32.5729,0.314269,50015092,2.75373170025335,31.2777698213557,242.65210951526,2.18856638123782,43.5430165404573,4.767,68.487,11.0419703770197,71.8880909634949,200520,48.7,45.21318436,NA,1077.91278452817,3273.2671741364,42.7,54.26841707830488,84.2692405339706,5.026216728012742,16.56295556552955,Rural,Least Developed,65.93647058823528,31.66684874031143
UKR,UA,Ukraine,Europe & Central Asia,Upper middle income,30.5038,50.4536,37860221,0.33702862573394,69.5315643200148,65.1239834311357,18.9624484896371,13.8885360192623,13.603,74.692,16.7552640662755,71.2996202968588,579400,7.9,369.90487671,6.14,5389.47314453125,18550.462890625,25.6,67.1490154911006,48.92251102810764,136.53309796898455,25.13289609941325,Urban,Emerging,89.98647058823529,45.151299008477466
URY,UY,Uruguay,Latin America & Caribbean,High income,-56.0675,-34.8941,3386588,-0.0440759548302792,95.5981951588181,19.3582504856588,16.0451929855644,18.2929719075618,9.933,78.287,11.9643469317792,81.3541309564621,175020,7.4,2076.09423828,2.44,23906.5133029408,36417.874162496,40,65.66183510687381,52.29546941116715,87.71233600884595,17.9465203976688,Highly Urban,Developed,92.35117647058823,49.49638069841817
USA,US,United States,North America,High income,-77.032,38.8895,340110988,0.976421684505429,80.1247798047184,36.8198061311277,17.9287302134033,17.3245769214436,9,78.890243902439,33.8669264120375,46.0829793974695,9147420,6.5,13473.19335938,2.68,84534.0407841548,85809.9003846359,41.8,64.74669286515311,54.44804294215984,103.48726144770615,50.80038961805625,Highly Urban,Developed,93.15602582496412,77.86273945064897
UZB,UZ,Uzbekistan,Europe & Central Asia,Lower middle income,69.269,41.3052,36361859,1.97065383660565,50.9986686706543,80.9084466129581,5.86451589287555,31.1034262577169,6.034,72.528,8.54914331101781,58.0551458073301,440650,13.4,192.11869812,4.89,3161.70010632875,11878.5528706848,34.6,63.03205784940755,58.64942921412158,18.854887060619365,12.823714966526715,Transitional,Developing,85.96352941176471,39.18103628656253
VCT,VC,St. Vincent and the Grenadines,Latin America & Caribbean,Upper middle income,-61.2653,13.2035,100616,-0.700214310937747,47.8487050456749,259.802564102564,11.8912499006122,21.2913453128727,11.536,71.382,73.1794871794872,17.9487179487179,390,11.3,469.20709229,3.21,11501.2265187188,21272.0800673662,NA,66.81740478651511,49.6616043671629,55.850157544637526,100,Transitional,Emerging,86.33941176470589,67.986132661498
VEN,VE,"Venezuela, RB",Latin America & Caribbean,Not classified,-69.8371,9.08165,28405543,0.369232130679939,89.285859883201,32.0853171588912,9.67921120184184,25.5270054158092,7.678,72.673,52.2338793719177,24.3750354288306,882050,24.2,185.99124146,0.99,4217.59102643391,NA,NA,64.79378338234896,54.33579392933222,37.91753495632269,78.35081905787655,Highly Urban,Unknown,80.64882352941177,57.03005243705785
VGB,VG,British Virgin Islands,Latin America & Caribbean,High income,-64.623056,18.431389,39471,1.23892682902476,56.5072068980827,259.9,9.62352106609916,14.4916520990094,6.049,77.431,24.1333333333333,46.6666666666667,150,12.4,NA,NA,NA,NA,NA,75.88482683489144,31.778649528419994,66.40734265734265,36.19999999999995,Transitional,Developed,89.34764705882353,NA
VIR,VI,Virgin Islands (U.S.),Latin America & Caribbean,High income,-64.8963,18.3358,104377,-0.516021671191835,95.3312197036061,299.762857142857,22.6900653671751,16.4966727518992,9.2,80.7707317073171,58.1714285714286,9.42857142857143,350,NA,NA,NA,44320.909185774,49793.0324395716,NA,60.81326188092571,64.43781653383958,137.5432834755292,87.2571428571429,Highly Urban,Developed,95.02439024390247,77.48317171043605
VNM,VN,Viet Nam,East Asia & Pacific,Lower middle income,105.825,21.0069,100987686,0.631267006487247,38.4900703430176,320.175197572656,9.04718319297274,23.2240051365074,6.646,74.736,47.4454820708996,39.2147376279795,313429,17.3,197.19210815,2.52,4717.29028732449,16385.5065565458,36.1,67.72881167051986,47.64765176520399,38.956171167697754,71.1682231063494,Rural,Developing,85.31235294117647,56.89059519457276
VUT,VU,Vanuatu,East Asia & Pacific,Lower middle income,168.321,-17.7404,327777,2.27351944261437,22.2866933360645,26.2845775225595,4.29574940317746,38.3139477236845,5.018,71.654,36.2838392124692,15.3404429860541,12190,17.1,143.43753052,NA,3410.77023167097,3605.60736691735,32.3,57.39030287313803,74.24546481493785,11.211972815116518,54.425758818703805,Rural,Developing,83.59941176470588,50.79072342099479
WSM,WS,Samoa,East Asia & Pacific,Upper middle income,-171.752,-13.8314,218019,0.62390639530784,17.5029115108018,77.9363309352518,5.88089597490133,38.4642199436289,6.16,71.826,57.636690647482,17.5647482014388,2780,14.9,292.81085205,NA,5392.87761915762,8736.81606772538,NA,55.65488408146977,79.67874994334035,15.289263589694674,86.455035971223,Highly Rural,Emerging,84.8005882352941,61.47460937123182
XKX,XK,Kosovo,Europe & Central Asia,Upper middle income,20.926,42.565,1594353,-5.39126176551648,50.3214443938994,NA,10.0741041910268,20.7108304299052,5.973,78.222,NA,NA,NA,8.7,NA,NA,7023.06598512878,17864.4160145118,38.3,69.215065379068,44.47721670467709,48.64172021069901,NA,Transitional,Emerging,91.66294117647058,NA
YEM,YE,"Yemen, Rep.","Middle East, North Africa, Afghanistan & Pakistan",Low income,44.2075,15.352,40583164,2.98210396880689,36.8077517596594,74.6080250771824,2.52303760097367,41.1284265424891,4.734,69.439,1.03983180862549,44.4191904843078,527970,38.1,47.78109741,0.46,633.887202451545,NA,NA,56.34853585653723,77.46690039045369,6.134534707684869,1.559747712938235,Rural,Least Developed,71.7964705882353,29.376678709911054
ZAF,ZA,South Africa,Sub-Saharan Africa,Upper middle income,28.1871,-25.746,64007187,1.24951426055192,63.6917984858172,52.1085690262058,6.69054794339382,25.8837591619497,9.237,66.312,13.965072665672,79.4178502831612,1213090,35.1,536.58843994,NA,6267.186814093,15456.1989933658,54.1,67.42569289465648,48.311416178156996,25.84843994851115,20.947608998508002,Urban,Emerging,71.45705882352942,36.74726227319207
ZMB,ZM,Zambia,Sub-Saharan Africa,Lower middle income,28.2937,-15.3982,21314956,2.81182258530958,45.4703838491279,27.8776483407095,1.9467528327704,41.4573443514813,5.165,66.528,59.523784150984,32.0679589448338,743390,48.4,79.55635071,NA,1187.10943350064,4214.89277804799,51.5,56.5959028157483,76.69123562805703,4.695797242258334,89.285676226476,Transitional,Developing,64.93411764705883,53.11548275681652
ZWE,ZW,Zimbabwe,Sub-Saharan Africa,Lower middle income,31.0672,-17.8312,16634373,1.7804822981922,39.8933716820696,42.24071862479,3.60165374437779,40.873763046968,7.498,63.064,44.7366421093447,41.791706346129,386850,64.7,62.92946243,NA,2497.20332208763,5928.0806252756,50.3,55.524583208654214,80.10040638074297,8.811651964217566,67.10496316401705,Rural,Developing,54.74647058823529,42.77923818112552
